day,year,mo,da,collision_date,temp,dewp,slp,visib,wdsp,mxpsd,gust,max,min,prcp,sndp,fog,num_collisions
2,2013,01,01,2013-01-01,37.8,23.6,1011.9,10.0,6.1,8.9,19.0,39.9,33.1,0.0,999.9,0,381
3,2013,01,02,2013-01-02,27.1,10.5,1016.8,10.0,5.3,9.9,19.0,33.1,21.9,0.0,999.9,0,480
4,2013,01,03,2013-01-03,28.4,14.1,1020.6,10.0,3.7,8.0,15.0,32.0,24.1,0.0,999.9,0,549
5,2013,01,04,2013-01-04,33.4,18.6,1017.0,10.0,6.5,13.0,24.1,37.0,30.0,0.0,999.9,0,505
6,2013,01,05,2013-01-05,36.1,18.7,1020.6,10.0,6.6,12.0,21.0,42.1,32.0,0.0,999.9,0,389
7,2013,01,06,2013-01-06,38.3,25.0,1019.5,8.5,5.3,8.9,17.1,46.0,34.0,0.0,999.9,0,393
1,2013,01,07,2013-01-07,40.9,23.8,1022.6,10.0,5.7,11.1,17.1,45.0,37.0,0.0,999.9,0,521
2,2013,01,08,2013-01-08,40.7,25.4,1028.5,9.3,5.1,8.9,22.0,48.0,35.1,0.0,999.9,0,513
3,2013,01,09,2013-01-09,43.8,30.8,1026.3,7.8,3.7,9.9,15.9,48.9,39.0,0.0,999.9,0,487
4,2013,01,10,2013-01-10,44.3,25.4,1028.5,9.9,5.9,11.1,19.0,48.0,39.9,0.0,999.9,0,555
5,2013,01,11,2013-01-11,40.5,27.1,1030.4,9.4,4.5,7.0,999.9,44.1,37.0,0.0,999.9,0,660
6,2013,01,12,2013-01-12,44.6,43.0,1020.5,3.9,3.5,7.0,999.9,46.9,42.1,0.57,999.9,0,475
7,2013,01,13,2013-01-13,45.3,43.1,1019.7,4.2,2.9,8.0,999.9,48.9,43.0,0.02,999.9,1,373
1,2013,01,14,2013-01-14,52.5,45.4,1016.8,5.9,3.9,8.9,15.9,72.0,48.0,0.0,999.9,1,542
2,2013,01,15,2013-01-15,37.9,27.9,1025.5,9.7,5.7,11.1,14.0,50.0,35.1,0.09,999.9,0,516
3,2013,01,16,2013-01-16,34.2,30.0,1018.6,5.4,4.6,12.0,14.0,37.9,32.0,0.63,999.9,0,578
4,2013,01,17,2013-01-17,39.2,28.0,1015.6,9.7,4.9,8.0,15.9,43.0,36.0,0.09,999.9,0,491
5,2013,01,18,2013-01-18,30.2,12.2,1024.4,10.0,5.7,9.9,20.0,39.9,25.0,0.0,999.9,0,561
6,2013,01,19,2013-01-19,37.3,18.1,1024.7,10.0,7.8,13.0,24.1,51.1,28.0,0.0,999.9,0,484
7,2013,01,20,2013-01-20,45.3,23.4,1009.8,10.0,9.7,15.9,31.1,53.1,39.9,0.0,999.9,0,393
1,2013,01,21,2013-01-21,29.8,9.3,1016.1,10.0,5.1,11.1,22.9,39.9,26.1,0.0,999.9,0,355
2,2013,01,22,2013-01-22,22.4,4.0,1014.4,9.9,8.4,14.0,25.1,30.9,17.1,0.0,999.9,0,544
3,2013,01,23,2013-01-23,14.4,-5.4,1022.5,10.0,7.7,11.1,24.1,19.9,10.9,0.0,999.9,0,545
4,2013,01,24,2013-01-24,16.8,-1.7,1023.0,10.0,6.7,15.0,27.0,21.9,12.0,0.0,999.9,0,554
5,2013,01,25,2013-01-25,17.1,1.5,1027.5,9.3,6.1,11.1,22.0,24.1,12.9,0.0,999.9,0,674
6,2013,01,26,2013-01-26,19.9,9.2,1019.8,9.0,5.7,9.9,15.0,26.1,15.1,0.07,999.9,0,558
7,2013,01,27,2013-01-27,24.5,7.5,1030.3,10.0,5.6,9.9,15.9,34.0,19.0,0.0,2.0,0,429
1,2013,01,28,2013-01-28,31.8,19.0,1029.1,6.9,3.5,8.9,18.1,34.0,28.9,0.0,1.2,0,507
2,2013,01,29,2013-01-29,40.3,35.3,1018.2,5.3,4.3,8.0,14.0,48.0,34.0,0.22,1.2,0,542
3,2013,01,30,2013-01-30,45.7,42.9,1010.2,3.5,3.6,8.9,999.9,59.0,39.0,0.06,999.9,1,497
4,2013,01,31,2013-01-31,49.1,36.5,995.4,7.9,9.1,20.0,38.1,61.0,34.0,0.93,999.9,1,592
5,2013,02,01,2013-02-01,29.3,9.5,1010.9,10.0,8.4,14.0,28.9,34.0,26.1,0.01,999.9,0,574
6,2013,02,02,2013-02-02,24.1,6.5,1022.7,10.0,6.3,12.0,19.0,28.9,19.0,0.0,999.9,0,534
7,2013,02,03,2013-02-03,26.5,18.0,1013.2,7.6,2.6,7.0,999.9,30.0,24.1,0.03,999.9,0,445
1,2013,02,04,2013-02-04,26.8,10.5,1012.0,9.8,6.2,12.0,28.0,30.0,23.0,0.02,999.9,0,553
2,2013,02,05,2013-02-05,29.1,20.3,1013.8,6.5,4.7,8.9,15.0,30.0,28.0,0.01,999.9,0,566
3,2013,02,06,2013-02-06,33.3,23.1,1017.5,6.5,3.6,7.0,20.0,39.0,30.0,0.01,999.9,0,566
4,2013,02,07,2013-02-07,29.3,6.2,1029.8,10.0,5.0,8.9,17.1,35.1,26.1,0.0,999.9,0,526
5,2013,02,08,2013-02-08,32.3,26.2,1022.6,5.8,10.2,19.0,31.1,34.0,30.0,0.01,999.9,1,703
6,2013,02,09,2013-02-09,28.8,21.0,1013.9,3.4,8.0,14.0,25.1,32.0,25.0,1.52,999.9,1,403
7,2013,02,10,2013-02-10,25.2,8.5,1028.7,10.0,3.4,8.9,15.9,36.0,18.0,0.38,999.9,0,400
1,2013,02,11,2013-02-11,38.5,32.4,1019.6,5.6,3.2,7.0,999.9,45.0,32.0,0.09,9.8,1,475
2,2013,02,12,2013-02-12,41.9,28.8,1009.8,8.8,7.2,14.0,22.0,45.0,39.9,0.4,9.1,0,498
3,2013,02,13,2013-02-13,38.2,22.5,1011.2,9.9,3.0,7.0,15.0,44.1,33.1,0.0,3.9,0,570
4,2013,02,14,2013-02-14,38.2,26.7,1011.6,8.9,3.8,8.9,999.9,46.0,33.1,0.03,999.9,0,631
5,2013,02,15,2013-02-15,43.0,30.7,1015.0,7.8,4.9,9.9,15.9,55.0,37.0,0.0,999.9,0,604
6,2013,02,16,2013-02-16,37.9,28.0,1012.8,9.6,5.6,11.1,19.0,46.9,33.8,0.02,999.9,0,449
7,2013,02,17,2013-02-17,29.0,6.6,1006.6,10.0,9.6,17.1,35.0,35.1,24.1,0.0,999.9,0,447
1,2013,02,18,2013-02-18,23.4,2.0,1019.7,10.0,8.2,18.1,28.9,35.1,17.1,0.0,999.9,0,398
2,2013,02,19,2013-02-19,39.2,22.4,1017.1,9.3,5.8,11.1,21.0,48.9,32.0,0.0,999.9,0,477
3,2013,02,20,2013-02-20,33.8,16.8,1009.1,10.0,9.9,14.0,28.9,45.0,28.9,0.15,999.9,0,510
4,2013,02,21,2013-02-21,28.0,9.8,1015.9,10.0,9.2,15.0,26.0,34.0,24.1,0.0,999.9,0,498
5,2013,02,22,2013-02-22,30.0,17.2,1026.7,10.0,6.4,9.9,21.0,37.9,25.0,0.0,999.9,0,531
6,2013,02,23,2013-02-23,38.0,34.3,1020.7,5.3,6.3,14.0,22.0,42.1,36.0,0.0,999.9,0,521
7,2013,02,24,2013-02-24,39.3,32.4,1009.3,8.1,7.1,13.0,24.1,46.9,36.0,0.27,999.9,0,426
1,2013,02,25,2013-02-25,37.5,22.7,1018.1,10.0,5.0,9.9,22.9,45.0,32.0,0.01,999.9,0,490
2,2013,02,26,2013-02-26,39.9,28.7,1023.4,9.4,5.0,9.9,15.9,44.1,35.1,0.0,999.9,0,537
3,2013,02,27,2013-02-27,40.2,36.8,1009.0,4.2,10.7,17.1,32.1,46.9,35.6,1.26,999.9,0,550
4,2013,02,28,2013-02-28,45.2,32.9,1002.1,9.8,3.9,8.0,15.0,51.1,43.0,0.44,999.9,0,517
5,2013,03,01,2013-03-01,40.0,27.4,1004.1,10.0,4.9,9.9,15.9,45.0,36.0,0.0,999.9,0,603
6,2013,03,02,2013-03-02,36.7,22.8,1007.3,10.0,5.9,9.9,15.9,39.9,34.0,0.0,999.9,0,474
7,2013,03,03,2013-03-03,32.6,18.7,1006.2,9.0,6.6,9.9,17.1,39.9,28.9,0.0,999.9,0,502
1,2013,03,04,2013-03-04,32.8,16.4,1008.3,10.0,8.6,14.0,22.9,42.1,27.0,0.0,999.9,0,597
2,2013,03,05,2013-03-05,37.9,20.6,1014.2,10.0,7.2,13.0,24.1,48.9,30.9,0.0,999.9,0,527
3,2013,03,06,2013-03-06,40.1,29.3,1013.1,10.0,10.9,20.0,40.0,44.1,37.9,0.0,999.9,0,475
4,2013,03,07,2013-03-07,36.7,28.2,1014.9,8.0,10.6,21.0,31.1,41.0,34.0,0.0,999.9,0,535
5,2013,03,08,2013-03-08,34.0,30.2,1017.5,3.6,6.6,13.0,22.9,41.0,30.9,0.33,999.9,1,851
6,2013,03,09,2013-03-09,43.7,22.1,1023.2,10.0,5.9,8.9,18.1,55.0,35.1,0.4,2.0,0,569
7,2013,03,10,2013-03-10,41.8,28.6,1027.2,10.0,4.1,7.0,999.9,51.1,36.0,0.0,2.0,0,415
1,2013,03,11,2013-03-11,44.7,38.2,1023.9,9.5,5.5,11.1,20.0,53.1,37.9,0.0,999.9,0,522
2,2013,03,12,2013-03-12,50.3,47.3,1015.2,6.9,6.6,14.0,28.9,57.0,48.0,0.08,999.9,0,547
3,2013,03,13,2013-03-13,45.0,29.9,1010.4,10.0,5.8,8.9,19.0,53.1,39.9,0.71,999.9,0,636
4,2013,03,14,2013-03-14,35.6,13.6,1012.1,10.0,9.2,15.9,29.9,44.1,28.9,0.0,999.9,0,557
5,2013,03,15,2013-03-15,36.1,13.5,1011.9,10.0,7.3,11.1,26.0,46.9,30.0,0.0,999.9,0,607
6,2013,03,16,2013-03-16,37.3,24.1,1009.4,7.8,4.7,9.9,19.0,46.9,32.0,0.0,999.9,1,521
7,2013,03,17,2013-03-17,33.0,20.0,1017.5,9.8,4.6,8.9,19.0,37.9,28.9,0.12,999.9,0,426
1,2013,03,18,2013-03-18,32.1,14.1,1026.9,8.6,7.5,13.0,21.0,36.0,28.0,0.0,999.9,1,623
2,2013,03,19,2013-03-19,36.0,32.2,1010.2,6.5,8.8,19.0,28.9,43.0,30.2,0.81,999.9,0,559
3,2013,03,20,2013-03-20,38.5,18.9,1010.0,10.0,7.2,12.0,24.1,45.0,32.0,0.2,2.0,0,540
4,2013,03,21,2013-03-21,35.7,16.0,1007.2,9.8,4.8,8.9,999.9,43.0,30.9,0.0,999.9,0,508
5,2013,03,22,2013-03-22,34.0,13.9,1007.8,10.0,7.5,12.0,22.0,41.0,28.0,0.0,999.9,0,604
6,2013,03,23,2013-03-23,38.4,17.6,1011.0,10.0,8.3,12.0,22.9,46.0,32.0,0.0,999.9,0,488
7,2013,03,24,2013-03-24,39.1,18.2,1011.1,10.0,5.7,12.0,18.1,46.9,33.1,0.0,999.9,0,451
1,2013,03,25,2013-03-25,38.3,27.7,1003.1,8.9,6.5,20.0,28.0,41.0,36.0,0.0,999.9,0,498
2,2013,03,26,2013-03-26,42.2,27.3,1005.1,9.7,4.5,8.9,15.9,53.1,37.0,0.17,999.9,0,425
3,2013,03,27,2013-03-27,43.8,22.7,1011.8,10.0,4.8,8.9,14.0,51.1,36.0,0.0,999.9,0,441
4,2013,03,28,2013-03-28,43.3,27.8,1015.4,10.0,4.7,8.9,999.9,51.1,37.0,0.0,999.9,0,549
5,2013,03,29,2013-03-29,46.7,26.4,1019.3,10.0,5.7,12.0,21.0,55.0,39.9,0.0,999.9,0,520
6,2013,03,30,2013-03-30,48.0,24.5,1019.9,10.0,3.8,8.0,999.9,59.0,39.9,0.0,999.9,0,513
7,2013,03,31,2013-03-31,49.3,29.7,1017.0,9.7,4.6,12.0,21.0,54.0,44.1,0.0,999.9,0,426
1,2013,04,01,2013-04-01,49.3,40.8,1005.4,6.8,5.7,12.0,27.0,62.1,44.1,0.08,999.9,0,479
2,2013,04,02,2013-04-02,38.0,10.9,1014.3,10.0,8.5,17.1,26.0,46.9,33.1,0.0,999.9,0,437
3,2013,04,03,2013-04-03,38.4,9.5,1019.7,10.0,8.9,13.0,24.1,46.0,33.1,0.0,999.9,0,532
4,2013,04,04,2013-04-04,39.9,16.4,1025.2,10.0,6.1,12.0,25.1,53.1,33.1,0.0,999.9,0,566
5,2013,04,05,2013-04-05,49.0,22.3,1012.9,10.0,4.7,9.9,20.0,64.0,41.0,0.0,999.9,0,582
6,2013,04,06,2013-04-06,43.1,13.2,1021.4,10.0,6.2,17.1,26.0,53.1,35.1,0.0,999.9,0,531
7,2013,04,07,2013-04-07,46.2,31.0,1022.9,10.0,5.8,12.0,22.9,54.0,39.9,0.0,999.9,0,451
1,2013,04,08,2013-04-08,59.0,40.8,1016.5,10.0,4.1,8.9,15.9,73.0,51.1,0.0,999.9,0,582
2,2013,04,09,2013-04-09,65.7,42.7,1014.3,9.3,4.3,11.1,21.0,82.0,51.1,0.0,999.9,0,613
3,2013,04,10,2013-04-10,65.1,45.9,1012.4,9.7,4.0,9.9,14.0,75.9,55.0,0.0,999.9,0,580
4,2013,04,11,2013-04-11,56.2,50.1,1013.4,7.4,4.8,9.9,20.0,60.1,48.2,0.49,999.9,0,517
5,2013,04,12,2013-04-12,44.2,38.8,1013.5,7.5,9.9,19.0,28.0,48.9,41.0,0.01,999.9,0,649
6,2013,04,13,2013-04-13,46.5,36.8,1010.6,9.7,3.9,12.0,17.1,57.9,41.0,0.63,999.9,0,555
7,2013,04,14,2013-04-14,52.3,30.4,1016.8,10.0,3.5,11.1,18.1,57.0,46.9,0.01,999.9,0,472
1,2013,04,15,2013-04-15,49.9,27.0,1025.8,10.0,5.5,11.1,14.0,59.0,44.1,0.0,999.9,0,603
2,2013,04,16,2013-04-16,53.9,43.9,1026.2,10.0,5.6,9.9,22.9,63.0,46.9,0.0,999.9,0,564
3,2013,04,17,2013-04-17,62.7,45.3,1021.7,9.9,5.3,8.0,18.1,71.1,55.0,0.02,999.9,0,535
4,2013,04,18,2013-04-18,55.3,39.9,1025.8,9.9,4.6,12.0,21.0,64.0,51.1,0.01,999.9,0,553
5,2013,04,19,2013-04-19,60.8,55.0,1012.8,7.9,6.1,12.0,21.0,71.1,54.0,0.0,999.9,0,570
6,2013,04,20,2013-04-20,55.5,38.0,1011.7,9.3,7.6,11.1,24.1,66.0,50.0,0.11,999.9,0,532
7,2013,04,21,2013-04-21,46.0,20.5,1031.4,10.0,5.5,9.9,19.0,55.0,37.0,0.06,999.9,0,471
1,2013,04,22,2013-04-22,47.6,29.9,1036.3,10.0,6.8,17.1,22.0,55.0,41.0,0.0,999.9,0,565
2,2013,04,23,2013-04-23,45.4,34.5,1027.8,9.8,8.3,14.0,22.0,53.1,41.0,0.0,999.9,0,513
3,2013,04,24,2013-04-24,52.9,41.1,1016.1,9.4,4.5,8.0,15.0,69.1,44.1,0.0,999.9,0,598
4,2013,04,25,2013-04-25,56.1,31.5,1018.1,9.6,4.9,9.9,21.0,66.0,46.0,0.0,999.9,0,583
5,2013,04,26,2013-04-26,57.3,29.4,1026.7,10.0,2.5,6.0,999.9,66.9,50.0,0.0,999.9,0,675
6,2013,04,27,2013-04-27,57.8,27.8,1028.5,10.0,4.4,11.1,20.0,70.0,48.0,0.0,999.9,0,517
7,2013,04,28,2013-04-28,58.9,31.1,1025.2,10.0,3.5,9.9,18.1,69.1,51.1,0.0,999.9,0,440
1,2013,04,29,2013-04-29,55.0,44.0,1023.2,9.6,4.3,7.0,17.1,57.0,53.1,0.0,999.9,0,598
2,2013,04,30,2013-04-30,57.7,38.2,1024.9,10.0,4.8,8.9,999.9,68.0,51.1,0.04,999.9,0,576
3,2013,05,01,2013-05-01,57.0,32.7,1029.4,10.0,4.5,11.1,15.9,69.1,46.9,0.0,999.9,0,576
4,2013,05,02,2013-05-02,58.9,41.2,1030.2,10.0,2.3,7.0,999.9,72.0,48.9,0.0,999.9,0,585
5,2013,05,03,2013-05-03,56.6,37.9,1029.6,10.0,6.0,13.0,21.0,66.0,51.1,0.0,999.9,0,686
6,2013,05,04,2013-05-04,54.7,41.4,1026.5,10.0,4.9,14.0,18.1,69.1,48.0,0.0,999.9,0,580
7,2013,05,05,2013-05-05,52.1,38.7,1025.0,10.0,5.2,9.9,17.1,63.0,46.9,0.0,999.9,0,515
1,2013,05,06,2013-05-06,55.4,44.7,1023.6,9.5,3.6,8.9,999.9,69.1,46.0,0.0,999.9,0,561
2,2013,05,07,2013-05-07,60.9,50.8,1020.6,9.9,4.0,7.0,999.9,73.9,52.0,0.0,999.9,0,592
3,2013,05,08,2013-05-08,60.3,56.6,1017.7,6.3,4.5,8.9,999.9,66.0,57.0,1.28,999.9,1,620
4,2013,05,09,2013-05-09,58.9,54.2,1014.3,6.4,2.9,6.0,999.9,68.0,54.0,1.76,999.9,0,602
5,2013,05,10,2013-05-10,66.9,54.0,1014.3,9.2,3.0,7.0,15.9,79.0,59.0,0.48,999.9,0,698
6,2013,05,11,2013-05-11,64.4,60.1,1009.5,5.8,3.3,7.0,999.9,70.0,61.0,0.18,999.9,1,523
7,2013,05,12,2013-05-12,62.6,45.3,1005.9,9.4,5.4,9.9,24.1,70.0,57.0,0.92,999.9,0,527
1,2013,05,13,2013-05-13,51.7,26.7,1015.4,10.0,6.6,9.9,20.0,59.0,46.0,0.0,999.9,0,577
2,2013,05,14,2013-05-14,51.1,27.2,1018.8,10.0,4.3,8.0,999.9,61.0,42.1,0.0,999.9,0,565
3,2013,05,15,2013-05-15,58.0,39.9,1015.4,9.7,3.3,8.0,18.1,66.9,52.0,0.0,999.9,0,532
4,2013,05,16,2013-05-16,69.5,51.0,1007.8,9.9,3.3,9.9,20.0,79.0,62.1,0.0,999.9,0,559
5,2013,05,17,2013-05-17,66.4,40.2,1015.4,10.0,3.0,7.0,999.9,72.0,57.9,0.0,999.9,0,742
6,2013,05,18,2013-05-18,61.0,46.6,1024.6,10.0,2.2,8.9,999.9,66.9,55.9,0.0,999.9,0,506
7,2013,05,19,2013-05-19,57.3,53.4,1025.5,5.0,3.6,8.0,999.9,60.1,55.0,0.1,999.9,0,544
1,2013,05,20,2013-05-20,65.0,60.0,1018.4,4.2,2.0,6.0,999.9,77.0,57.2,0.51,999.9,1,658
2,2013,05,21,2013-05-21,75.9,65.2,1013.3,7.6,3.6,8.9,999.9,86.0,68.0,0.0,999.9,0,697
3,2013,05,22,2013-05-22,71.0,63.4,1011.7,6.1,3.7,9.9,20.0,81.0,59.0,0.0,999.9,0,570
4,2013,05,23,2013-05-23,71.5,66.2,1011.2,6.4,3.9,12.0,19.0,80.1,66.0,0.0,999.9,1,735
5,2013,05,24,2013-05-24,59.6,57.0,1008.6,6.3,4.5,9.9,18.1,66.2,46.9,1.91,999.9,0,668
6,2013,05,25,2013-05-25,48.1,41.7,1013.4,9.1,7.5,13.0,29.9,53.1,44.6,0.29,999.9,0,514
7,2013,05,26,2013-05-26,55.5,35.6,1016.2,10.0,8.3,13.0,22.9,66.0,48.0,0.05,999.9,0,455
1,2013,05,27,2013-05-27,61.7,34.9,1022.2,10.0,3.3,8.0,18.1,73.0,51.1,0.0,999.9,0,420
2,2013,05,28,2013-05-28,61.1,47.1,1022.2,7.1,2.3,7.0,999.9,66.9,55.4,0.0,999.9,1,686
3,2013,05,29,2013-05-29,66.9,60.6,1018.3,3.2,1.6,7.0,999.9,82.0,57.9,0.52,999.9,1,574
4,2013,05,30,2013-05-30,81.0,63.4,1018.5,9.0,3.8,8.0,999.9,90.0,72.0,0.0,999.9,0,685
5,2013,05,31,2013-05-31,83.0,63.4,1018.4,9.0,3.4,8.0,999.9,90.0,75.0,0.0,999.9,0,736
6,2013,06,01,2013-06-01,80.8,64.1,1015.2,9.8,3.8,6.0,999.9,90.0,73.9,0.0,999.9,0,631
7,2013,06,02,2013-06-02,80.1,65.9,1010.8,10.0,5.1,12.0,19.0,88.0,73.0,0.0,999.9,0,487
1,2013,06,03,2013-06-03,72.2,67.3,1009.8,6.6,3.5,12.0,22.9,82.0,68.0,1.0,999.9,1,707
2,2013,06,04,2013-06-04,66.1,45.6,1015.1,9.5,3.9,8.0,15.0,75.0,57.0,0.72,999.9,0,613
3,2013,06,05,2013-06-05,66.0,41.7,1020.8,10.0,3.7,7.0,999.9,73.9,57.9,0.0,999.9,0,599
4,2013,06,06,2013-06-06,63.8,53.8,1019.7,8.7,3.7,8.0,999.9,70.0,59.0,0.0,999.9,0,605
5,2013,06,07,2013-06-07,61.5,59.4,1014.3,4.2,7.2,17.1,28.0,64.0,59.0,0.95,999.9,1,791
6,2013,06,08,2013-06-08,64.9,58.9,1010.1,7.2,5.9,14.0,22.9,77.0,57.0,3.82,999.9,0,571
7,2013,06,09,2013-06-09,71.7,57.6,1019.6,10.0,1.7,6.0,999.9,80.1,63.0,0.48,999.9,0,533
1,2013,06,10,2013-06-10,67.7,62.1,1020.0,5.1,4.2,9.9,22.0,75.0,64.0,0.0,999.9,1,624
2,2013,06,11,2013-06-11,69.6,63.6,1005.5,5.6,4.9,15.0,26.0,78.1,62.1,1.47,999.9,0,635
3,2013,06,12,2013-06-12,70.9,53.2,1007.9,9.8,6.1,13.0,24.1,75.9,64.9,0.09,999.9,0,615
4,2013,06,13,2013-06-13,65.7,55.6,1006.6,8.1,3.6,11.1,20.0,73.9,60.1,0.0,999.9,1,535
5,2013,06,14,2013-06-14,59.9,53.8,1006.5,7.7,6.5,14.0,26.0,72.0,53.1,1.58,999.9,0,693
6,2013,06,15,2013-06-15,69.4,52.0,1013.6,10.0,3.5,6.0,999.9,80.1,61.0,0.06,999.9,0,596
7,2013,06,16,2013-06-16,72.8,53.8,1012.8,9.8,2.5,7.0,20.0,80.1,64.9,0.0,999.9,0,477
1,2013,06,17,2013-06-17,75.3,63.4,1011.3,9.1,3.7,8.0,20.0,84.0,69.1,0.0,999.9,0,614
2,2013,06,18,2013-06-18,72.8,63.8,1011.5,7.3,1.9,6.0,999.9,84.0,64.9,0.01,999.9,0,613
3,2013,06,19,2013-06-19,67.4,54.4,1016.1,8.7,5.0,8.0,15.0,77.0,59.0,0.2,999.9,0,622
4,2013,06,20,2013-06-20,69.6,52.4,1023.2,10.0,3.2,7.0,999.9,80.1,62.1,0.0,999.9,0,681
5,2013,06,21,2013-06-21,71.6,51.6,1025.1,10.0,3.9,7.0,999.9,82.0,64.0,0.0,999.9,0,690
6,2013,06,22,2013-06-22,72.4,54.0,1023.6,10.0,4.1,7.0,999.9,84.0,64.9,0.0,999.9,0,599
7,2013,06,23,2013-06-23,76.1,62.6,1020.8,9.9,3.8,8.0,999.9,88.0,70.0,0.0,999.9,0,505
1,2013,06,24,2013-06-24,80.6,68.1,1016.9,9.0,4.0,7.0,15.9,90.0,73.4,0.0,999.9,0,680
2,2013,06,25,2013-06-25,80.9,64.9,1013.4,8.4,2.9,8.9,18.1,91.0,73.0,0.0,999.9,0,648
3,2013,06,26,2013-06-26,79.4,65.6,1009.8,9.2,3.7,7.0,15.9,84.9,73.9,0.0,999.9,0,621
4,2013,06,27,2013-06-27,78.1,68.7,1007.8,7.9,2.9,8.0,17.1,86.0,73.9,0.05,999.9,0,598
5,2013,06,28,2013-06-28,77.1,69.4,999.5,8.1,4.6,8.0,17.1,84.9,73.0,0.24,999.9,0,608
6,2013,06,29,2013-06-29,76.2,65.9,1001.1,8.7,3.5,7.0,15.9,82.9,71.1,0.0,999.9,0,591
7,2013,06,30,2013-06-30,77.5,70.8,1007.6,7.5,3.0,8.0,999.9,84.0,73.9,0.0,999.9,0,423
1,2013,07,01,2013-07-01,74.2,71.0,1013.5,6.6,2.7,8.0,22.0,77.0,72.0,0.0,999.9,1,633
2,2013,07,02,2013-07-02,75.6,71.7,1019.0,7.9,2.2,5.1,999.9,82.0,72.0,0.84,999.9,0,601
3,2013,07,03,2013-07-03,76.0,71.4,1022.8,8.5,4.2,6.0,15.9,82.9,73.0,0.08,999.9,1,635
4,2013,07,04,2013-07-04,79.5,72.8,1022.9,8.4,3.1,7.0,999.9,87.1,75.0,0.53,999.9,0,438
5,2013,07,05,2013-07-05,82.3,70.7,1021.7,9.4,4.7,8.9,17.1,90.0,75.9,0.0,999.9,0,576
6,2013,07,06,2013-07-06,84.6,70.1,1019.4,9.8,3.9,7.0,17.1,91.9,78.1,0.0,999.9,0,516
7,2013,07,07,2013-07-07,85.6,70.7,1016.4,10.0,3.6,8.0,999.9,91.9,80.1,0.0,999.9,0,475
1,2013,07,08,2013-07-08,81.3,65.8,1015.8,9.5,3.8,7.0,18.1,89.1,73.0,0.0,999.9,0,617
2,2013,07,09,2013-07-09,78.8,67.2,1017.1,6.9,4.1,13.0,21.0,88.0,73.9,0.22,999.9,1,583
3,2013,07,10,2013-07-10,79.4,70.5,1013.7,6.7,2.9,7.0,15.0,84.9,73.9,0.23,999.9,0,614
4,2013,07,11,2013-07-11,80.6,68.7,1010.5,9.0,3.3,7.0,999.9,84.0,75.9,0.0,999.9,0,550
5,2013,07,12,2013-07-12,75.0,62.6,1015.5,8.9,7.3,15.0,22.0,82.0,72.0,0.0,999.9,0,599
6,2013,07,13,2013-07-13,72.2,68.9,1021.8,4.4,6.2,12.0,22.0,81.0,66.9,0.28,999.9,0,575
7,2013,07,14,2013-07-14,80.3,71.5,1025.5,7.7,2.9,7.0,999.9,88.0,73.4,0.03,999.9,0,471
1,2013,07,15,2013-07-15,85.3,69.7,1023.0,9.6,3.4,7.0,999.9,93.9,78.1,0.0,999.9,0,581
2,2013,07,16,2013-07-16,85.9,66.3,1021.4,9.3,3.9,11.1,18.1,93.9,77.0,0.0,999.9,0,582
3,2013,07,17,2013-07-17,86.7,66.3,1020.8,8.6,2.7,5.1,999.9,97.0,79.0,0.0,999.9,0,609
4,2013,07,18,2013-07-18,88.2,68.6,1016.8,8.2,3.6,5.1,999.9,98.1,81.0,0.0,999.9,0,636
5,2013,07,19,2013-07-19,89.1,72.1,1013.0,6.7,3.6,8.9,17.1,96.1,82.9,0.0,999.9,0,697
6,2013,07,20,2013-07-20,86.7,70.1,1008.6,6.5,5.6,9.9,19.0,93.0,81.0,0.0,999.9,0,551
7,2013,07,21,2013-07-21,82.3,63.7,1012.0,9.8,3.9,8.9,14.0,89.1,78.1,0.0,999.9,0,447
1,2013,07,22,2013-07-22,78.2,70.0,1013.4,6.6,4.4,8.0,999.9,86.0,75.0,0.0,999.9,0,591
2,2013,07,23,2013-07-23,78.7,71.4,1004.6,7.3,3.5,8.9,15.0,87.1,73.0,0.37,999.9,0,571
3,2013,07,24,2013-07-24,78.5,64.5,1005.6,10.0,3.6,8.0,999.9,82.9,75.0,0.31,999.9,0,571
4,2013,07,25,2013-07-25,67.3,52.3,1015.4,10.0,7.4,12.0,20.0,78.1,64.0,0.0,999.9,0,507
5,2013,07,26,2013-07-26,72.2,57.5,1016.5,10.0,5.3,8.9,19.0,82.9,64.0,0.01,999.9,0,617
6,2013,07,27,2013-07-27,75.2,61.2,1016.8,9.8,3.6,6.0,999.9,82.0,70.0,0.0,999.9,0,516
7,2013,07,28,2013-07-28,73.3,65.2,1014.8,9.3,1.4,7.0,999.9,78.1,70.0,0.0,999.9,0,485
1,2013,07,29,2013-07-29,75.1,64.9,1015.9,7.9,2.9,8.9,15.0,84.9,69.1,0.25,999.9,0,597
2,2013,07,30,2013-07-30,74.4,53.3,1020.0,10.0,3.8,7.0,999.9,82.9,66.9,0.01,999.9,0,584
3,2013,07,31,2013-07-31,74.1,56.3,1019.9,10.0,2.2,5.1,999.9,82.9,66.9,0.0,999.9,0,553
4,2013,08,01,2013-08-01,71.5,62.8,1015.4,6.9,2.3,8.0,999.9,82.9,66.0,0.0,999.9,0,643
5,2013,08,02,2013-08-02,73.6,62.9,1011.4,6.9,3.7,12.0,22.0,82.9,66.9,0.65,999.9,1,626
6,2013,08,03,2013-08-03,73.4,60.0,1012.2,9.3,3.4,6.0,999.9,82.9,66.9,0.01,999.9,0,492
7,2013,08,04,2013-08-04,73.2,56.0,1011.8,10.0,3.9,8.0,19.0,80.1,66.0,0.05,999.9,0,454
1,2013,08,05,2013-08-05,70.2,47.0,1016.2,10.0,3.7,8.0,15.9,80.1,62.1,0.0,999.9,0,545
2,2013,08,06,2013-08-06,72.1,52.5,1018.4,10.0,1.7,6.0,999.9,82.0,62.1,0.0,999.9,0,543
3,2013,08,07,2013-08-07,73.4,60.5,1019.9,10.0,4.6,9.9,19.0,82.0,64.0,0.0,999.9,0,508
4,2013,08,08,2013-08-08,73.8,69.3,1017.6,7.2,3.7,8.0,15.9,81.0,70.0,0.18,999.9,1,549
5,2013,08,09,2013-08-09,77.0,71.9,1012.7,7.4,3.3,7.0,17.1,84.9,70.0,0.32,999.9,0,579
6,2013,08,10,2013-08-10,77.2,62.8,1013.8,9.8,4.4,8.0,15.0,84.9,70.0,0.01,999.9,0,495
7,2013,08,11,2013-08-11,73.5,53.0,1018.4,10.0,2.3,6.0,999.9,82.9,64.9,0.0,999.9,0,481
1,2013,08,12,2013-08-12,74.5,64.2,1016.0,9.5,2.0,5.1,999.9,82.0,64.9,0.05,999.9,0,519
2,2013,08,13,2013-08-13,73.2,67.2,1010.3,6.0,1.7,7.0,999.9,82.0,68.0,0.01,999.9,0,553
3,2013,08,14,2013-08-14,68.3,52.3,1010.3,9.6,5.3,9.9,24.1,73.9,61.0,0.84,999.9,0,622
4,2013,08,15,2013-08-15,68.6,47.5,1018.9,10.0,3.3,6.0,999.9,77.0,59.0,0.0,999.9,0,599
5,2013,08,16,2013-08-16,70.9,51.5,1020.9,10.0,1.7,5.1,999.9,82.0,59.0,0.0,999.9,0,678
6,2013,08,17,2013-08-17,72.6,53.5,1023.9,10.0,1.6,4.1,999.9,84.0,64.0,0.0,999.9,0,504
7,2013,08,18,2013-08-18,72.1,54.6,1023.5,9.8,2.5,6.0,999.9,84.0,64.0,0.0,999.9,0,442
1,2013,08,19,2013-08-19,72.1,58.2,1019.1,9.8,2.4,5.1,999.9,79.0,66.0,0.0,999.9,0,462
2,2013,08,20,2013-08-20,76.6,61.9,1018.6,9.7,3.3,5.1,999.9,88.0,66.0,0.0,999.9,0,542
3,2013,08,21,2013-08-21,80.1,61.4,1020.3,9.8,1.9,5.1,999.9,90.0,68.0,0.0,999.9,0,562
4,2013,08,22,2013-08-22,75.6,68.8,1016.2,7.5,2.9,8.0,999.9,90.0,71.1,0.0,999.9,0,578
5,2013,08,23,2013-08-23,75.5,60.8,1014.0,8.7,4.6,8.0,14.0,82.0,71.1,0.25,999.9,0,636
6,2013,08,24,2013-08-24,72.0,49.8,1023.4,10.0,5.3,8.0,17.1,82.0,64.9,0.0,999.9,0,527
7,2013,08,25,2013-08-25,72.8,53.9,1027.2,10.0,2.4,7.0,999.9,82.9,64.0,0.0,999.9,0,459
1,2013,08,26,2013-08-26,74.5,56.8,1020.2,10.0,4.9,8.0,18.1,84.0,64.0,0.0,999.9,0,521
2,2013,08,27,2013-08-27,77.8,66.1,1011.7,9.3,4.9,9.9,15.0,87.1,68.0,0.05,999.9,0,507
3,2013,08,28,2013-08-28,76.4,68.0,1011.6,7.1,1.8,5.1,999.9,87.1,71.1,0.01,999.9,1,482
4,2013,08,29,2013-08-29,73.8,67.5,1015.0,6.3,4.0,9.9,999.9,86.0,71.1,0.43,999.9,0,572
5,2013,08,30,2013-08-30,75.1,64.3,1014.8,9.2,3.6,7.0,999.9,84.0,69.8,0.0,999.9,0,599
6,2013,08,31,2013-08-31,78.3,68.8,1010.5,8.0,4.4,7.0,15.0,86.0,70.0,0.0,999.9,0,480
7,2013,09,01,2013-09-01,78.9,70.1,1009.9,9.3,2.7,7.0,999.9,86.0,73.0,0.0,999.9,0,480
1,2013,09,02,2013-09-02,76.9,71.8,1008.2,6.3,0.9,5.1,999.9,84.0,73.9,0.0,999.9,0,431
2,2013,09,03,2013-09-03,75.7,64.8,1007.7,7.9,2.7,7.0,999.9,82.0,71.1,0.08,999.9,0,551
3,2013,09,04,2013-09-04,72.7,54.0,1013.9,10.0,4.4,8.0,999.9,82.0,64.9,0.03,999.9,0,604
4,2013,09,05,2013-09-05,73.0,51.4,1015.1,10.0,4.3,8.0,15.9,82.0,64.9,0.0,999.9,0,493
5,2013,09,06,2013-09-06,64.7,39.9,1022.4,10.0,4.2,9.9,17.1,80.1,57.0,0.0,999.9,0,525
6,2013,09,07,2013-09-07,67.8,45.9,1018.2,10.0,2.9,6.0,999.9,80.1,57.0,0.0,999.9,0,585
7,2013,09,08,2013-09-08,73.7,52.8,1011.5,10.0,4.5,8.0,19.0,82.9,59.0,0.0,999.9,0,500
1,2013,09,09,2013-09-09,65.3,45.6,1021.5,10.0,4.9,9.9,15.9,82.9,57.0,0.0,999.9,0,632
2,2013,09,10,2013-09-10,74.9,63.7,1020.1,8.9,4.1,11.1,17.1,87.1,57.0,0.01,999.9,0,629
3,2013,09,11,2013-09-11,84.4,70.9,1018.2,6.3,3.9,7.0,999.9,96.1,68.0,0.0,999.9,0,576
4,2013,09,12,2013-09-12,80.0,69.8,1012.4,6.1,4.6,9.9,21.0,86.0,70.0,0.0,999.9,1,695
5,2013,09,13,2013-09-13,70.1,61.5,1005.3,8.0,4.1,8.9,18.1,87.1,66.9,1.66,999.9,0,652
6,2013,09,14,2013-09-14,60.3,44.5,1014.1,10.0,4.7,7.0,15.0,77.0,54.0,0.06,999.9,0,519
7,2013,09,15,2013-09-15,60.4,43.3,1020.9,10.0,2.9,5.1,999.9,73.0,51.1,0.0,999.9,0,476
1,2013,09,16,2013-09-16,65.2,51.7,1018.6,9.9,3.2,7.0,999.9,73.0,51.1,0.01,999.9,0,570
2,2013,09,17,2013-09-17,57.8,38.3,1027.5,10.0,5.4,12.0,22.0,73.0,50.0,0.02,999.9,0,627
3,2013,09,18,2013-09-18,60.0,41.9,1026.0,10.0,1.4,5.1,999.9,72.0,50.0,0.0,999.9,0,571
4,2013,09,19,2013-09-19,64.3,47.4,1021.1,10.0,2.9,6.0,999.9,78.1,51.1,0.0,999.9,0,536
5,2013,09,20,2013-09-20,67.6,53.9,1018.1,9.6,2.1,5.1,999.9,79.0,55.0,0.0,999.9,0,631
6,2013,09,21,2013-09-21,67.7,59.5,1013.1,10.0,3.6,11.1,21.0,79.0,60.1,0.0,999.9,0,546
7,2013,09,22,2013-09-22,65.3,53.6,1007.3,8.8,4.6,9.9,18.1,77.0,59.0,1.17,999.9,1,585
1,2013,09,23,2013-09-23,57.5,39.8,1014.6,10.0,3.7,8.0,15.9,69.1,50.0,0.45,999.9,0,661
2,2013,09,24,2013-09-24,58.4,40.3,1015.6,10.0,3.8,8.0,999.9,73.0,46.9,0.0,999.9,0,615
3,2013,09,25,2013-09-25,62.5,43.4,1013.5,10.0,2.0,4.1,999.9,73.0,46.9,0.0,999.9,0,539
4,2013,09,26,2013-09-26,63.0,52.3,1015.5,10.0,3.1,8.0,999.9,73.0,52.0,0.0,999.9,0,516
5,2013,09,27,2013-09-27,61.8,50.8,1021.7,10.0,3.3,8.0,999.9,71.1,57.0,0.0,999.9,0,553
6,2013,09,28,2013-09-28,64.1,49.4,1025.3,10.0,4.4,7.0,15.0,73.0,55.9,0.0,999.9,0,547
7,2013,09,29,2013-09-29,63.7,52.2,1022.0,10.0,2.4,8.0,999.9,73.0,55.9,0.0,999.9,0,506
1,2013,09,30,2013-09-30,63.1,50.7,1017.6,9.8,2.1,6.0,999.9,75.0,55.9,0.0,999.9,0,605
2,2013,10,01,2013-10-01,68.2,52.1,1014.9,10.0,2.3,7.0,999.9,82.0,55.9,0.0,999.9,0,616
3,2013,10,02,2013-10-02,72.7,55.9,1014.2,10.0,3.6,7.0,999.9,82.9,59.0,0.0,999.9,0,647
4,2013,10,03,2013-10-03,71.7,54.7,1017.9,9.9,0.9,5.1,999.9,82.9,63.0,0.0,999.9,0,590
5,2013,10,04,2013-10-04,73.5,59.7,1017.0,8.5,2.0,4.1,999.9,86.0,63.0,0.0,999.9,0,658
6,2013,10,05,2013-10-05,69.5,61.5,1017.6,6.4,3.5,8.9,999.9,86.0,64.0,0.0,999.9,0,497
7,2013,10,06,2013-10-06,67.2,63.1,1018.5,4.2,4.7,8.9,14.0,75.9,64.0,0.0,999.9,0,404
1,2013,10,07,2013-10-07,69.6,64.7,1013.8,6.9,5.2,8.9,20.0,75.9,62.1,0.0,999.9,0,618
2,2013,10,08,2013-10-08,60.8,43.9,1020.8,10.0,5.0,8.0,999.9,75.9,54.0,0.25,999.9,0,574
3,2013,10,09,2013-10-09,58.3,42.3,1027.5,10.0,7.2,15.9,22.9,66.9,53.1,0.0,999.9,0,529
4,2013,10,10,2013-10-10,58.4,48.4,1023.3,10.0,7.3,12.0,21.0,64.9,53.1,0.0,999.9,0,559
5,2013,10,11,2013-10-11,63.3,54.4,1017.7,10.0,8.1,12.0,21.0,68.0,54.0,0.0,999.9,0,621
6,2013,10,12,2013-10-12,65.2,45.7,1020.9,10.0,8.9,14.0,24.1,72.0,60.1,0.02,999.9,0,556
7,2013,10,13,2013-10-13,60.3,49.4,1027.2,10.0,8.9,15.9,22.0,72.0,55.9,0.0,999.9,0,502
1,2013,10,14,2013-10-14,58.2,46.2,1026.9,10.0,2.8,6.0,999.9,66.0,52.0,0.0,999.9,0,440
2,2013,10,15,2013-10-15,60.0,49.6,1023.2,9.5,2.1,5.1,999.9,72.0,52.0,0.0,999.9,0,615
3,2013,10,16,2013-10-16,60.6,51.9,1018.0,10.0,3.1,7.0,999.9,72.0,53.1,0.0,999.9,0,548
4,2013,10,17,2013-10-17,65.3,58.1,1011.3,7.0,1.3,5.1,999.9,73.0,62.1,0.0,999.9,0,574
5,2013,10,18,2013-10-18,63.5,47.6,1009.5,9.6,6.4,11.1,22.0,73.0,57.0,0.02,999.9,0,680
6,2013,10,19,2013-10-19,58.3,42.0,1013.6,10.0,2.2,6.0,999.9,68.0,52.0,0.0,999.9,0,471
7,2013,10,20,2013-10-20,57.4,39.6,1012.6,10.0,5.5,9.9,20.0,64.0,50.0,0.01,999.9,0,490
1,2013,10,21,2013-10-21,57.4,35.5,1018.7,10.0,3.1,6.0,15.9,66.0,50.0,0.0,999.9,0,616
2,2013,10,22,2013-10-22,59.5,44.8,1011.4,10.0,3.8,6.0,999.9,66.9,50.0,0.0,999.9,0,540
3,2013,10,23,2013-10-23,51.8,35.1,1007.0,10.0,3.8,8.9,17.1,66.9,48.0,0.0,999.9,0,558
4,2013,10,24,2013-10-24,47.4,29.5,1010.9,10.0,6.0,8.9,18.1,54.0,42.1,0.0,999.9,0,632
5,2013,10,25,2013-10-25,46.3,27.4,1018.7,10.0,4.3,7.0,18.1,54.0,39.9,0.0,999.9,0,647
6,2013,10,26,2013-10-26,47.9,29.0,1020.3,10.0,5.5,13.0,22.9,54.0,42.1,0.0,999.9,0,626
7,2013,10,27,2013-10-27,52.1,28.9,1013.7,10.0,4.3,8.0,17.1,57.9,41.0,0.0,999.9,0,512
1,2013,10,28,2013-10-28,51.5,29.6,1021.8,10.0,3.7,8.0,17.1,61.0,43.0,0.0,999.9,0,620
2,2013,10,29,2013-10-29,50.2,30.0,1028.2,10.0,4.9,7.0,999.9,61.0,43.0,0.0,999.9,0,600
3,2013,10,30,2013-10-30,52.8,39.0,1025.5,9.6,1.8,4.1,999.9,60.1,44.1,0.0,999.9,0,558
4,2013,10,31,2013-10-31,59.7,52.7,1019.9,6.2,2.3,6.0,999.9,64.9,46.9,0.0,999.9,0,615
5,2013,11,01,2013-11-01,66.2,56.7,1004.4,9.5,4.8,20.0,38.1,70.0,53.1,0.07,999.9,0,710
6,2013,11,02,2013-11-02,61.3,46.6,1004.4,10.0,3.2,7.0,15.9,70.0,55.0,0.12,999.9,0,551
7,2013,11,03,2013-11-03,49.6,32.9,1016.2,10.0,5.3,11.1,17.1,68.0,41.0,0.0,999.9,0,415
1,2013,11,04,2013-11-04,39.4,15.9,1034.4,10.0,5.7,12.0,20.0,55.0,35.1,0.0,999.9,0,658
2,2013,11,05,2013-11-05,46.8,30.4,1036.8,10.0,3.8,6.0,999.9,55.0,35.1,0.0,999.9,0,510
3,2013,11,06,2013-11-06,54.4,42.1,1029.0,10.0,3.0,6.0,999.9,61.0,41.0,0.0,999.9,0,635
4,2013,11,07,2013-11-07,57.8,51.0,1014.0,9.4,4.8,9.9,21.0,63.0,48.0,0.0,999.9,0,646
5,2013,11,08,2013-11-08,45.0,26.7,1016.2,10.0,7.3,9.9,21.0,48.0,39.9,0.13,999.9,0,682
6,2013,11,09,2013-11-09,43.7,24.2,1023.0,10.0,4.8,8.9,15.9,50.0,37.9,0.0,999.9,0,571
7,2013,11,10,2013-11-10,49.6,31.1,1013.7,10.0,6.0,11.1,24.1,60.1,37.9,0.0,999.9,0,474
1,2013,11,11,2013-11-11,48.2,25.0,1019.3,10.0,6.5,11.1,24.1,61.0,43.0,0.0,999.9,0,456
2,2013,11,12,2013-11-12,42.8,24.9,1018.3,9.5,5.0,11.1,22.9,52.0,34.0,0.02,999.9,0,647
3,2013,11,13,2013-11-13,33.1,12.9,1026.6,10.0,5.6,9.9,18.1,39.0,28.9,0.01,999.9,0,593
4,2013,11,14,2013-11-14,40.7,15.2,1023.6,10.0,6.4,13.0,27.0,52.0,33.1,0.0,999.9,0,620
5,2013,11,15,2013-11-15,50.0,20.2,1022.7,10.0,4.0,8.0,15.9,57.0,33.1,0.0,999.9,0,617
6,2013,11,16,2013-11-16,52.3,35.5,1025.1,9.4,3.4,8.9,15.9,60.1,44.1,0.03,999.9,0,612
7,2013,11,17,2013-11-17,54.6,49.8,1022.3,5.1,2.1,8.9,999.9,60.1,45.0,0.02,999.9,0,532
1,2013,11,18,2013-11-18,60.4,45.5,1005.8,7.9,5.8,9.9,19.0,64.9,51.1,0.25,999.9,0,611
2,2013,11,19,2013-11-19,47.1,23.1,1014.5,10.0,8.9,13.0,24.1,64.9,39.9,0.22,999.9,0,600
3,2013,11,20,2013-11-20,37.5,16.0,1031.4,10.0,5.8,11.1,17.1,51.1,32.0,0.0,999.9,0,607
4,2013,11,21,2013-11-21,42.1,24.8,1035.1,10.0,4.2,8.0,999.9,51.1,32.0,0.0,999.9,0,628
5,2013,11,22,2013-11-22,52.8,43.7,1022.1,8.9,5.1,9.9,15.9,57.0,35.1,0.01,999.9,0,702
6,2013,11,23,2013-11-23,46.3,27.8,1014.5,9.8,7.2,13.0,24.1,57.0,39.0,0.06,999.9,0,536
7,2013,11,24,2013-11-24,27.6,4.8,1019.9,9.7,10.8,21.0,34.0,37.4,23.0,0.0,999.9,1,494
1,2013,11,25,2013-11-25,27.5,6.8,1029.4,10.0,5.6,9.9,21.0,35.1,23.0,0.0,999.9,0,710
2,2013,11,26,2013-11-26,35.9,18.7,1025.5,9.1,3.2,8.0,15.0,41.0,23.0,0.0,999.9,0,867
3,2013,11,27,2013-11-27,48.5,44.4,1003.6,5.5,7.9,13.0,28.0,62.1,33.1,2.18,999.9,0,742
4,2013,11,28,2013-11-28,33.2,13.3,1018.0,10.0,7.9,17.1,28.9,39.2,30.0,0.31,999.9,0,429
5,2013,11,29,2013-11-29,33.7,13.8,1034.0,10.0,2.4,6.0,14.0,39.0,30.0,0.0,999.9,0,437
6,2013,11,30,2013-11-30,31.2,14.3,1039.1,10.0,4.9,8.0,999.9,39.0,25.0,0.0,999.9,0,479
7,2013,12,01,2013-12-01,41.3,28.2,1023.8,10.0,2.1,6.0,999.9,48.9,25.0,0.0,999.9,0,420
1,2013,12,02,2013-12-02,45.1,32.4,1014.8,8.2,2.2,5.1,999.9,48.9,36.0,0.0,999.9,0,549
2,2013,12,03,2013-12-03,44.8,34.3,1012.9,6.9,2.7,7.0,999.9,53.1,37.9,0.0,999.9,0,553
3,2013,12,04,2013-12-04,45.7,34.7,1018.0,6.4,2.4,5.1,999.9,53.1,37.9,0.0,999.9,0,520
4,2013,12,05,2013-12-05,52.8,47.0,1018.1,5.0,2.6,5.1,999.9,60.1,41.0,0.01,999.9,1,573
5,2013,12,06,2013-12-06,52.4,48.3,1015.1,6.0,4.2,8.9,15.9,62.1,43.0,0.04,999.9,0,759
6,2013,12,07,2013-12-07,38.2,29.1,1024.9,7.8,6.1,9.9,19.0,42.1,35.6,0.83,999.9,0,567
7,2013,12,08,2013-12-08,31.6,15.6,1033.9,9.0,5.2,9.9,999.9,41.0,28.9,0.14,999.9,0,456
1,2013,12,09,2013-12-09,34.6,31.2,1019.9,4.2,6.8,12.0,22.9,39.0,28.9,0.28,999.9,0,639
2,2013,12,10,2013-12-10,35.7,30.2,1014.9,6.3,5.1,8.9,17.1,39.0,30.9,0.1,999.9,1,539
3,2013,12,11,2013-12-11,30.1,14.1,1022.8,10.0,6.8,12.0,21.0,37.0,27.0,0.23,999.9,0,605
4,2013,12,12,2013-12-12,26.8,8.0,1024.8,10.0,6.6,11.1,19.0,33.1,23.0,0.0,999.9,0,648
5,2013,12,13,2013-12-13,27.8,7.7,1021.7,10.0,5.5,11.1,25.1,35.1,23.0,0.0,999.9,0,695
6,2013,12,14,2013-12-14,28.2,17.5,1027.8,5.7,7.0,15.9,22.9,34.0,21.2,0.0,999.9,1,690
7,2013,12,15,2013-12-15,33.1,27.5,1004.5,6.2,8.1,17.1,25.1,39.9,21.9,1.45,999.9,1,450
1,2013,12,16,2013-12-16,30.3,12.7,1015.1,10.0,7.4,12.0,22.0,39.9,26.1,0.72,3.1,0,640
2,2013,12,17,2013-12-17,27.3,16.0,1020.7,6.1,5.2,9.9,999.9,32.0,24.8,0.01,3.1,1,703
3,2013,12,18,2013-12-18,28.9,18.3,1016.3,9.7,5.5,11.1,19.0,37.0,23.0,0.18,3.1,0,701
4,2013,12,19,2013-12-19,36.5,20.7,1020.0,9.7,4.8,8.0,21.0,45.0,23.0,0.0,3.9,0,607
5,2013,12,20,2013-12-20,46.8,28.4,1017.8,10.0,3.0,11.1,20.0,53.1,30.0,0.0,3.1,0,674
6,2013,12,21,2013-12-21,55.4,44.4,1014.6,9.8,7.0,11.1,20.0,63.0,41.0,0.01,3.1,0,594
7,2013,12,22,2013-12-22,65.5,55.4,1011.9,10.0,5.5,12.0,22.9,71.1,51.1,0.0,1.2,0,505
1,2013,12,23,2013-12-23,59.8,54.0,1015.0,7.5,3.7,14.0,25.1,71.1,52.0,0.07,999.9,0,707
2,2013,12,24,2013-12-24,38.8,23.9,1020.5,10.0,5.8,12.0,22.0,64.0,34.0,0.44,999.9,0,515
3,2013,12,25,2013-12-25,24.8,6.5,1030.4,10.0,5.2,14.0,25.1,42.1,19.0,0.0,999.9,0,257
4,2013,12,26,2013-12-26,31.9,18.7,1026.3,10.0,4.5,8.0,15.9,35.1,28.0,0.0,999.9,0,428
5,2013,12,27,2013-12-27,35.2,18.7,1026.0,10.0,5.2,8.9,999.9,39.9,32.0,0.0,999.9,0,476
6,2013,12,28,2013-12-28,43.0,22.0,1022.7,10.0,5.8,13.0,22.9,55.0,30.9,0.0,999.9,0,475
7,2013,12,29,2013-12-29,45.9,30.4,1016.1,7.6,5.4,12.0,18.1,55.0,36.0,0.0,999.9,0,394
1,2013,12,30,2013-12-30,39.8,29.2,1011.3,9.8,6.2,11.1,19.0,48.0,28.9,1.2,999.9,0,476
2,2013,12,31,2013-12-31,26.0,10.4,1020.6,9.9,4.4,11.1,22.9,45.0,21.0,0.0,999.9,0,465
3,2014,01,01,2014-01-01,28.2,10.7,1026.8,10.0,5.1,8.9,20.0,33.1,21.0,0.0,999.9,0,399
4,2014,01,02,2014-01-02,28.5,19.6,1018.8,9.2,9.8,15.0,21.0,33.1,24.1,0.02,999.9,0,603
5,2014,01,03,2014-01-03,15.6,6.7,1014.9,3.8,10.1,15.0,25.1,24.8,10.0,0.58,999.9,1,423
6,2014,01,04,2014-01-04,15.8,-1.4,1031.0,10.0,4.0,8.0,17.1,28.0,8.1,0.02,5.9,0,418
7,2014,01,05,2014-01-05,30.3,21.9,1025.6,6.4,3.8,7.0,15.0,36.0,27.0,0.0,5.9,1,320
1,2014,01,06,2014-01-06,45.6,39.8,1002.6,3.6,6.3,11.1,22.9,55.0,35.6,0.23,3.9,1,518
2,2014,01,07,2014-01-07,12.3,-8.0,1015.6,999.9,13.0,19.0,31.1,36.0,3.9,0.27,1.2,0,491
3,2014,01,08,2014-01-08,12.9,-5.1,1031.1,10.0,6.3,11.1,20.0,21.0,9.0,0.0,999.9,0,616
4,2014,01,09,2014-01-09,25.3,5.4,1035.2,10.0,2.8,8.0,999.9,32.0,9.0,0.0,999.9,0,561
5,2014,01,10,2014-01-10,32.3,22.6,1033.3,6.4,2.9,7.0,999.9,36.0,21.9,0.0,999.9,0,667
6,2014,01,11,2014-01-11,47.7,45.2,1014.7,3.1,5.6,9.9,21.0,57.9,30.0,1.4,999.9,1,465
7,2014,01,12,2014-01-12,47.6,33.8,1005.0,9.7,7.2,12.0,25.1,57.9,37.0,0.42,999.9,0,388
1,2014,01,13,2014-01-13,42.7,29.3,1018.0,9.8,4.4,9.9,21.0,54.0,37.0,0.05,999.9,0,568
2,2014,01,14,2014-01-14,48.3,40.0,1009.4,8.5,4.7,8.9,18.1,52.0,37.0,0.0,999.9,0,559
3,2014,01,15,2014-01-15,42.6,37.5,1009.9,8.8,3.3,6.0,999.9,46.9,39.2,0.38,999.9,0,583
4,2014,01,16,2014-01-16,39.4,32.7,9999.9,999.9,999.9,999.9,999.9,41.0,36.1,0.0,999.9,0,521
5,2014,01,17,2014-01-17,37.8,23.5,9999.9,999.9,999.9,999.9,999.9,44.6,32.7,0.0,999.9,0,589
6,2014,01,18,2014-01-18,37.6,26.9,9999.9,999.9,999.9,999.9,999.9,41.0,32.0,0.0,999.9,0,448
7,2014,01,19,2014-01-19,29.1,16.0,9999.9,999.9,999.9,999.9,999.9,35.6,24.8,0.07,999.9,0,380
1,2014,01,20,2014-01-20,39.0,21.1,9999.9,999.9,999.9,999.9,999.9,44.6,35.6,0.0,999.9,0,360
2,2014,01,21,2014-01-21,25.2,13.3,9999.9,999.9,999.9,999.9,999.9,39.2,14.0,0.0,999.9,0,1161
3,2014,01,22,2014-01-22,12.3,0.0,9999.9,999.9,999.9,999.9,999.9,17.6,6.8,0.46,999.9,0,498
4,2014,01,23,2014-01-23,13.1,-2.3,9999.9,999.9,999.9,999.9,999.9,19.4,8.6,0.02,11.0,0,612
5,2014,01,24,2014-01-24,14.7,-3.6,9999.9,999.9,999.9,999.9,999.9,19.4,10.4,0.0,7.1,0,705
6,2014,01,25,2014-01-25,21.8,6.6,999.1,5.3,6.2,8.0,15.0,28.0,15.8,0.0,5.9,0,475
7,2014,01,26,2014-01-26,21.4,5.3,1006.0,9.8,6.9,14.0,22.9,28.0,17.1,0.04,3.9,0,465
1,2014,01,27,2014-01-27,34.8,17.4,1006.9,10.0,5.9,15.0,24.1,44.1,25.0,0.0,3.9,0,511
2,2014,01,28,2014-01-28,17.8,-7.2,1023.8,10.0,6.5,12.0,22.0,26.1,12.9,0.0,3.1,0,504
3,2014,01,29,2014-01-29,17.4,-2.4,1022.0,8.4,5.8,8.9,18.1,23.0,12.0,0.04,1.2,0,649
4,2014,01,30,2014-01-30,21.2,0.2,1027.9,10.0,3.1,8.9,18.1,30.0,14.0,0.0,2.0,0,657
5,2014,01,31,2014-01-31,30.7,9.9,1021.2,10.0,5.0,8.9,15.9,39.0,16.0,0.0,1.2,0,560
6,2014,02,01,2014-02-01,39.1,17.2,1024.3,9.9,2.4,6.0,999.9,44.1,25.0,0.0,1.2,0,507
7,2014,02,02,2014-02-02,45.1,34.2,1015.0,7.8,3.1,7.0,999.9,55.9,36.0,0.0,1.2,0,417
1,2014,02,03,2014-02-03,35.5,30.4,1019.7,3.7,5.3,8.9,14.0,55.9,30.0,0.33,1.2,1,960
2,2014,02,04,2014-02-04,28.3,20.9,1028.4,3.8,2.1,6.0,999.9,42.8,21.9,0.84,1.2,0,613
3,2014,02,05,2014-02-05,31.8,27.5,1015.2,4.1,6.4,13.0,24.1,35.1,21.9,0.97,7.9,1,468
4,2014,02,06,2014-02-06,27.3,18.7,1020.4,9.5,4.9,8.0,14.0,33.1,21.2,1.43,9.1,0,569
5,2014,02,07,2014-02-07,27.6,13.5,1024.7,10.0,5.6,11.1,15.9,32.0,24.1,0.0,9.1,0,675
6,2014,02,08,2014-02-08,25.9,5.0,1025.2,10.0,4.4,8.9,15.0,32.0,21.0,0.0,9.1,0,424
7,2014,02,09,2014-02-09,25.5,8.3,1020.2,9.3,3.8,8.0,999.9,30.9,21.0,0.0,9.1,0,450
1,2014,02,10,2014-02-10,25.1,12.4,1019.4,7.6,5.4,9.9,19.0,30.9,21.0,0.1,7.9,1,678
2,2014,02,11,2014-02-11,21.7,4.1,1026.7,10.0,5.2,8.9,15.9,28.9,16.0,0.0,9.8,0,636
3,2014,02,12,2014-02-12,18.9,2.7,1032.4,10.0,5.0,8.9,14.0,26.1,12.9,0.0,9.8,0,640
4,2014,02,13,2014-02-13,29.9,24.8,1014.2,3.6,10.6,19.0,33.0,36.0,12.9,0.25,9.8,1,447
5,2014,02,14,2014-02-14,35.5,26.4,993.7,6.3,9.3,18.1,26.0,39.9,24.1,1.83,11.8,1,792
6,2014,02,15,2014-02-15,35.6,23.9,1006.5,7.0,6.5,14.0,22.0,39.9,30.9,0.3,18.1,1,516
7,2014,02,16,2014-02-16,26.6,11.6,1011.2,9.1,8.3,13.0,24.1,37.0,21.0,0.13,18.1,0,464
1,2014,02,17,2014-02-17,23.7,3.1,1024.2,10.0,5.5,11.1,18.1,32.0,18.0,0.0,18.1,0,491
2,2014,02,18,2014-02-18,32.0,18.5,1020.7,7.1,4.2,8.9,18.1,39.0,26.1,0.07,16.9,1,518
3,2014,02,19,2014-02-19,38.4,28.2,1014.5,6.8,3.9,8.9,17.1,45.0,26.1,0.09,18.1,0,552
4,2014,02,20,2014-02-20,42.8,26.6,1019.7,9.5,4.7,8.9,18.1,50.0,37.9,0.26,16.9,0,556
5,2014,02,21,2014-02-21,39.4,36.3,1011.7,2.9,6.3,14.0,28.0,48.2,35.6,0.03,15.0,1,545
6,2014,02,22,2014-02-22,46.0,25.8,1014.5,10.0,5.8,11.1,19.0,54.0,41.0,0.09,13.0,0,587
7,2014,02,23,2014-02-23,48.6,26.0,1014.8,10.0,4.1,6.0,17.1,54.0,39.9,0.0,9.8,0,414
1,2014,02,24,2014-02-24,39.1,17.0,1011.6,10.0,7.6,13.0,22.9,54.0,32.0,0.0,9.1,0,569
2,2014,02,25,2014-02-25,28.2,9.0,1016.7,10.0,7.3,14.0,22.0,44.1,24.1,0.0,5.9,0,513
3,2014,02,26,2014-02-26,27.4,9.3,1012.7,8.9,5.0,14.0,22.0,33.1,24.1,0.0,5.9,0,511
4,2014,02,27,2014-02-27,24.6,1.3,1007.8,9.7,5.7,12.0,34.0,34.0,19.9,0.03,5.9,0,571
5,2014,02,28,2014-02-28,16.5,-8.0,1024.3,10.0,6.1,14.0,24.1,34.0,9.0,0.0,5.9,0,655
6,2014,03,01,2014-03-01,27.2,5.8,1027.7,10.0,3.4,7.0,14.0,37.0,9.0,0.0,5.9,0,497
7,2014,03,02,2014-03-02,36.9,17.9,1018.5,9.8,3.4,8.0,999.9,39.9,35.1,0.0,5.9,0,344
1,2014,03,03,2014-03-03,25.3,7.2,1019.9,8.7,5.7,12.0,20.0,39.9,19.0,0.04,5.1,0,440
2,2014,03,04,2014-03-04,20.1,-0.1,1027.2,10.0,4.4,8.0,999.9,32.0,12.9,0.0,5.1,0,532
3,2014,03,05,2014-03-05,31.3,6.0,1024.3,10.0,3.2,8.9,14.0,37.0,28.0,0.0,5.1,0,491
4,2014,03,06,2014-03-06,24.5,4.1,1033.6,10.0,8.1,11.1,19.0,39.0,16.0,0.0,3.9,0,558
5,2014,03,07,2014-03-07,30.2,17.9,1026.9,10.0,6.8,11.1,19.0,37.0,16.0,0.0,3.9,0,533
6,2014,03,08,2014-03-08,42.8,26.9,1011.4,10.0,5.1,11.1,20.0,57.0,26.1,0.0,3.9,0,515
7,2014,03,09,2014-03-09,41.4,18.9,1013.9,9.6,5.6,9.9,18.1,57.0,35.1,0.0,3.1,0,404
1,2014,03,10,2014-03-10,42.3,18.9,1009.9,9.7,4.7,9.9,24.1,51.1,35.6,0.0,2.0,0,513
2,2014,03,11,2014-03-11,53.6,30.9,1002.9,9.9,4.6,8.0,15.9,64.9,36.0,0.0,1.2,0,510
3,2014,03,12,2014-03-12,52.5,38.4,997.5,7.9,3.3,7.0,17.1,66.0,45.0,0.0,999.9,0,515
4,2014,03,13,2014-03-13,28.7,11.7,1000.8,9.1,11.0,17.1,31.1,55.9,18.0,0.35,999.9,0,545
5,2014,03,14,2014-03-14,30.5,5.2,1019.6,10.0,6.1,13.0,26.0,46.0,18.0,0.0,999.9,0,585
6,2014,03,15,2014-03-15,49.9,24.2,1010.0,10.0,6.6,13.0,26.0,57.9,41.0,0.0,999.9,0,519
7,2014,03,16,2014-03-16,37.0,10.4,1019.5,10.0,7.3,15.0,24.1,57.9,30.0,0.0,999.9,0,412
1,2014,03,17,2014-03-17,28.9,2.5,1019.0,10.0,7.5,12.0,20.0,42.1,23.0,0.0,999.9,0,519
2,2014,03,18,2014-03-18,33.9,7.3,1022.9,10.0,5.7,12.0,19.0,43.0,23.0,0.0,999.9,0,551
3,2014,03,19,2014-03-19,36.9,27.1,1023.5,9.4,6.2,9.9,17.1,44.1,28.0,0.0,999.9,0,525
4,2014,03,20,2014-03-20,45.6,34.5,1008.2,6.6,6.6,14.0,24.1,54.0,32.0,0.92,999.9,0,627
5,2014,03,21,2014-03-21,44.1,18.4,1014.0,10.0,8.2,12.0,22.0,54.0,39.0,0.0,999.9,0,589
6,2014,03,22,2014-03-22,49.9,25.2,1012.5,10.0,5.6,11.1,22.0,63.0,39.0,0.0,999.9,0,493
7,2014,03,23,2014-03-23,40.9,17.7,1016.2,10.0,5.8,9.9,20.0,63.0,35.1,0.0,999.9,0,427
1,2014,03,24,2014-03-24,28.0,2.8,1021.4,10.0,6.3,9.9,18.1,42.1,21.0,0.0,999.9,0,547
2,2014,03,25,2014-03-25,32.4,7.4,1018.7,10.0,4.1,9.9,15.9,39.0,21.0,0.0,999.9,0,474
3,2014,03,26,2014-03-26,33.1,9.4,1011.4,10.0,10.4,18.1,28.9,39.0,26.1,0.0,999.9,0,563
4,2014,03,27,2014-03-27,30.5,6.5,1026.3,10.0,6.7,15.9,26.0,44.1,21.9,0.0,999.9,0,538
5,2014,03,28,2014-03-28,48.0,33.7,1019.9,9.6,5.1,9.9,19.0,61.0,37.9,0.0,999.9,0,530
6,2014,03,29,2014-03-29,50.7,42.9,1018.8,7.5,6.6,15.0,21.0,62.1,37.0,0.04,999.9,0,569
7,2014,03,30,2014-03-30,45.3,41.9,1001.0,5.6,9.6,20.0,29.9,59.0,42.1,2.01,999.9,0,437
1,2014,03,31,2014-03-31,43.5,32.6,1009.7,9.5,8.2,12.0,25.1,55.9,36.0,0.3,999.9,0,559
2,2014,04,01,2014-04-01,46.8,26.9,1018.2,10.0,5.0,9.9,18.1,60.1,36.0,0.01,999.9,0,549
3,2014,04,02,2014-04-02,47.3,35.6,1018.6,9.8,1.9,5.1,999.9,60.1,39.0,0.0,999.9,0,519
4,2014,04,03,2014-04-03,53.6,30.8,1018.4,10.0,3.0,6.0,999.9,66.9,42.1,0.0,999.9,0,592
5,2014,04,04,2014-04-04,44.4,35.3,1016.9,8.0,6.5,12.0,18.1,54.0,39.9,0.1,999.9,0,622
6,2014,04,05,2014-04-05,45.8,32.8,1009.7,8.1,7.9,15.0,31.1,53.1,39.2,0.18,999.9,0,580
7,2014,04,06,2014-04-06,45.3,19.9,1020.4,10.0,4.3,9.9,21.0,61.0,36.0,0.0,999.9,0,484
1,2014,04,07,2014-04-07,47.2,31.4,1021.2,7.8,4.4,9.9,15.9,61.0,36.0,0.0,999.9,0,533
2,2014,04,08,2014-04-08,52.6,44.1,1000.6,4.7,5.6,12.0,22.9,64.0,43.0,0.86,999.9,1,606
3,2014,04,09,2014-04-09,52.2,28.7,1005.7,10.0,6.6,13.0,21.0,64.0,45.0,0.34,999.9,0,595
4,2014,04,10,2014-04-10,50.5,19.3,1019.3,10.0,5.8,14.0,20.0,61.0,42.1,0.0,999.9,0,645
5,2014,04,11,2014-04-11,62.1,37.1,1015.6,10.0,5.7,9.9,17.1,75.0,42.1,0.0,999.9,0,609
6,2014,04,12,2014-04-12,60.4,39.7,1020.2,10.0,3.6,8.9,17.1,75.0,50.0,0.0,999.9,0,578
7,2014,04,13,2014-04-13,63.0,42.1,1020.0,9.8,4.7,8.9,18.1,77.0,50.0,0.0,999.9,0,482
1,2014,04,14,2014-04-14,67.3,52.2,1014.7,10.0,6.4,11.1,26.0,77.0,54.0,0.0,999.9,0,514
2,2014,04,15,2014-04-15,58.5,53.5,1006.6,7.6,6.9,14.0,24.1,75.0,44.1,0.07,999.9,0,452
3,2014,04,16,2014-04-16,38.8,22.0,1023.9,8.5,7.3,15.0,26.0,63.0,30.9,0.69,999.9,0,570
4,2014,04,17,2014-04-17,41.6,21.3,1037.7,10.0,7.2,11.1,19.0,48.9,30.9,0.05,999.9,0,508
5,2014,04,18,2014-04-18,41.4,28.1,1032.9,10.0,5.1,8.9,15.0,48.9,36.0,0.0,999.9,0,496
6,2014,04,19,2014-04-19,52.6,28.3,1024.4,10.0,3.7,8.0,15.0,68.0,35.1,0.0,999.9,0,525
7,2014,04,20,2014-04-20,52.1,26.1,1030.0,10.0,6.6,11.1,18.1,68.0,41.0,0.0,999.9,0,393
1,2014,04,21,2014-04-21,52.0,27.4,1021.8,10.0,3.6,8.0,999.9,66.9,41.0,0.0,999.9,0,521
2,2014,04,22,2014-04-22,59.0,44.3,1006.2,9.9,4.3,8.9,17.1,71.1,41.0,0.0,999.9,0,459
3,2014,04,23,2014-04-23,55.7,38.4,1001.6,9.9,6.6,13.0,26.0,71.1,48.0,0.01,999.9,0,536
4,2014,04,24,2014-04-24,50.5,18.2,1011.5,10.0,8.1,13.0,26.0,62.1,42.1,0.0,999.9,0,586
5,2014,04,25,2014-04-25,52.6,19.4,1015.2,10.0,4.2,8.0,18.1,63.0,44.1,0.0,999.9,0,617
6,2014,04,26,2014-04-26,53.0,42.0,1008.2,8.5,5.0,9.9,18.1,66.9,44.1,0.89,999.9,0,548
7,2014,04,27,2014-04-27,51.9,34.6,1014.3,9.6,5.2,8.0,17.1,66.9,46.0,0.05,999.9,0,449
1,2014,04,28,2014-04-28,54.5,32.5,1018.5,10.0,3.6,8.9,999.9,66.9,45.0,0.0,999.9,0,597
2,2014,04,29,2014-04-29,49.7,36.8,1025.0,10.0,7.1,12.0,20.0,66.9,45.0,0.0,999.9,0,555
3,2014,04,30,2014-04-30,44.2,40.6,1027.5,4.1,7.7,13.0,22.9,52.0,41.0,0.59,999.9,0,651
4,2014,05,01,2014-05-01,61.1,52.4,1006.9,4.7,4.6,8.0,15.9,78.1,41.0,4.53,999.9,1,650
5,2014,05,02,2014-05-02,63.4,41.8,1007.3,10.0,3.7,8.9,19.0,78.1,51.1,0.12,999.9,0,698
6,2014,05,03,2014-05-03,61.3,36.6,1010.0,9.8,3.6,7.0,15.0,70.0,54.0,0.0,999.9,0,590
7,2014,05,04,2014-05-04,57.6,41.0,1006.8,9.7,5.1,13.0,22.9,71.1,54.0,0.08,999.9,0,451
1,2014,05,05,2014-05-05,58.4,29.7,1010.2,10.0,7.2,13.0,22.9,70.0,50.0,0.02,999.9,0,618
2,2014,05,06,2014-05-06,60.3,28.0,1012.8,10.0,3.4,8.0,19.0,71.1,50.0,0.0,999.9,0,565
3,2014,05,07,2014-05-07,59.1,28.5,1021.0,10.0,3.2,8.9,17.1,71.1,50.0,0.0,999.9,0,603
4,2014,05,08,2014-05-08,55.9,48.7,1021.1,5.2,3.7,7.0,999.9,69.1,50.0,0.34,999.9,0,596
5,2014,05,09,2014-05-09,58.0,54.6,1020.5,3.5,2.9,8.0,14.0,63.0,53.1,0.11,999.9,0,584
6,2014,05,10,2014-05-10,65.6,60.2,1012.9,3.9,3.3,8.0,24.1,82.9,55.0,0.04,999.9,1,549
7,2014,05,11,2014-05-11,70.1,46.3,1014.9,9.6,4.0,8.9,15.0,82.9,57.0,0.4,999.9,0,584
1,2014,05,12,2014-05-12,73.8,49.3,1018.4,10.0,1.7,6.0,999.9,84.9,60.1,0.03,999.9,0,581
2,2014,05,13,2014-05-13,68.5,49.5,1020.4,9.6,5.0,14.0,24.1,84.9,60.1,0.0,999.9,0,560
3,2014,05,14,2014-05-14,58.2,47.3,1025.2,9.6,4.7,8.0,999.9,73.0,52.0,0.0,999.9,0,638
4,2014,05,15,2014-05-15,63.1,59.5,1022.3,4.0,4.4,8.9,15.0,71.1,52.0,0.12,999.9,0,659
5,2014,05,16,2014-05-16,65.9,62.8,1015.2,5.4,5.6,8.9,24.1,71.1,57.9,0.07,999.9,0,700
6,2014,05,17,2014-05-17,61.6,48.2,1014.5,8.7,5.3,8.0,18.1,70.0,53.1,1.51,999.9,0,619
7,2014,05,18,2014-05-18,60.0,36.4,1020.5,10.0,4.3,8.9,15.9,70.0,51.1,0.0,999.9,0,507
1,2014,05,19,2014-05-19,60.3,32.4,1020.9,10.0,4.3,11.1,15.9,72.0,48.9,0.0,999.9,0,572
2,2014,05,20,2014-05-20,66.2,36.9,1018.3,10.0,2.9,7.0,999.9,78.1,48.9,0.0,999.9,0,650
3,2014,05,21,2014-05-21,69.5,45.3,1014.5,10.0,2.7,7.0,999.9,78.1,53.1,0.0,999.9,0,575
4,2014,05,22,2014-05-22,62.7,56.3,1011.1,4.9,2.5,7.0,999.9,73.9,60.1,0.22,999.9,1,593
5,2014,05,23,2014-05-23,62.2,56.5,1011.5,5.0,3.1,8.0,17.1,71.1,59.0,0.02,999.9,0,660
6,2014,05,24,2014-05-24,60.2,54.1,1015.5,7.2,3.4,8.0,999.9,71.1,55.9,0.99,999.9,1,486
7,2014,05,25,2014-05-25,65.8,51.1,1018.1,8.0,2.0,6.0,999.9,80.1,55.0,0.32,999.9,0,472
1,2014,05,26,2014-05-26,74.7,48.0,1016.0,10.0,3.7,8.9,18.1,86.0,55.0,0.0,999.9,0,433
2,2014,05,27,2014-05-27,78.3,55.0,1011.0,9.9,3.4,8.9,19.0,86.0,66.0,0.0,999.9,0,645
3,2014,05,28,2014-05-28,61.5,52.8,1013.2,9.2,6.3,11.1,18.1,86.0,55.0,0.0,999.9,0,538
4,2014,05,29,2014-05-29,56.3,43.4,1022.2,10.0,4.8,9.9,15.9,66.0,51.1,0.0,999.9,0,663
5,2014,05,30,2014-05-30,63.3,44.7,1018.8,9.9,1.6,6.0,14.0,75.0,51.1,0.0,999.9,0,650
6,2014,05,31,2014-05-31,64.2,48.7,1020.3,10.0,5.5,11.1,22.0,75.0,55.0,0.0,999.9,0,587
7,2014,06,01,2014-06-01,64.8,41.2,1026.4,10.0,2.8,6.0,999.9,77.0,55.0,0.05,999.9,0,604
1,2014,06,02,2014-06-02,69.7,45.4,1022.2,10.0,3.9,6.0,15.9,80.1,55.0,0.0,999.9,0,643
2,2014,06,03,2014-06-03,75.3,58.5,1014.3,8.9,3.7,8.0,999.9,87.1,59.0,0.0,999.9,0,663
3,2014,06,04,2014-06-04,70.8,62.3,1009.1,6.3,2.7,8.9,14.0,87.1,63.0,0.12,999.9,0,582
4,2014,06,05,2014-06-05,68.1,60.0,1006.0,6.5,4.5,9.9,17.1,82.0,61.0,0.62,999.9,0,569
5,2014,06,06,2014-06-06,67.7,47.9,1010.5,10.0,4.2,8.0,999.9,75.9,61.0,0.25,999.9,0,743
6,2014,06,07,2014-06-07,71.0,50.9,1014.5,10.0,2.5,6.0,999.9,82.0,60.1,0.0,999.9,0,623
7,2014,06,08,2014-06-08,75.0,53.9,1013.5,10.0,2.1,8.0,999.9,86.0,60.1,0.0,999.9,0,516
1,2014,06,09,2014-06-09,67.4,59.2,1013.2,4.6,3.6,6.0,999.9,73.9,62.6,0.64,999.9,1,528
2,2014,06,10,2014-06-10,69.5,64.5,1014.0,5.4,3.4,7.0,999.9,77.0,63.0,0.96,999.9,0,569
3,2014,06,11,2014-06-11,67.0,60.6,1017.8,8.7,6.0,11.1,18.1,77.0,61.0,0.02,999.9,0,576
4,2014,06,12,2014-06-12,64.7,59.5,1017.8,6.6,4.6,8.0,999.9,72.0,60.1,0.0,999.9,0,563
5,2014,06,13,2014-06-13,69.5,65.6,1010.1,4.1,3.4,6.0,999.9,79.0,60.1,0.21,999.9,1,708
6,2014,06,14,2014-06-14,69.0,59.3,1011.6,7.4,3.7,11.1,19.0,72.0,64.0,1.14,999.9,0,613
7,2014,06,15,2014-06-15,67.7,50.3,1017.7,10.0,4.0,8.0,999.9,80.1,59.0,0.0,999.9,0,475
1,2014,06,16,2014-06-16,72.3,55.3,1019.5,10.0,2.1,7.0,999.9,81.0,59.0,0.0,999.9,0,622
2,2014,06,17,2014-06-17,77.7,62.1,1016.7,9.0,3.4,6.0,999.9,89.1,63.0,0.0,999.9,0,666
3,2014,06,18,2014-06-18,83.4,62.7,1011.7,9.7,5.6,11.1,19.0,89.1,71.1,0.0,999.9,0,663
4,2014,06,19,2014-06-19,74.9,62.0,1014.9,10.0,3.0,8.0,999.9,89.1,69.1,0.0,999.9,0,675
5,2014,06,20,2014-06-20,71.8,50.5,1014.9,9.3,3.7,7.0,999.9,79.0,64.0,0.15,999.9,0,765
6,2014,06,21,2014-06-21,70.4,46.6,1013.8,10.0,4.7,8.9,15.9,79.0,62.1,0.0,999.9,0,557
7,2014,06,22,2014-06-22,69.8,53.2,1014.3,10.0,1.5,5.1,999.9,79.0,62.1,0.0,999.9,0,477
1,2014,06,23,2014-06-23,71.8,54.4,1018.7,10.0,2.4,8.0,999.9,81.0,64.0,0.0,999.9,0,644
2,2014,06,24,2014-06-24,73.1,57.9,1019.9,10.0,3.8,8.0,18.1,81.0,64.9,0.0,999.9,0,632
3,2014,06,25,2014-06-25,75.4,65.8,1014.6,9.0,5.0,8.0,17.1,84.9,68.0,0.0,999.9,0,646
4,2014,06,26,2014-06-26,76.6,67.6,1010.5,9.0,3.4,8.0,999.9,84.9,70.0,0.15,999.9,0,670
5,2014,06,27,2014-06-27,75.1,60.6,1018.1,10.0,3.4,9.9,999.9,82.9,69.1,0.07,999.9,0,660
6,2014,06,28,2014-06-28,74.5,54.8,1023.9,10.0,2.5,7.0,999.9,87.1,66.0,0.0,999.9,0,611
7,2014,06,29,2014-06-29,74.4,56.2,1023.4,10.0,2.1,5.1,999.9,87.1,66.0,0.0,999.9,0,537
1,2014,06,30,2014-06-30,75.7,59.1,1018.0,10.0,2.2,5.1,999.9,84.0,68.0,0.0,999.9,0,610
2,2014,07,01,2014-07-01,79.1,66.8,1012.6,10.0,3.9,7.0,14.0,89.1,69.1,0.0,999.9,0,616
3,2014,07,02,2014-07-02,81.3,69.4,1011.3,8.6,3.5,11.1,22.0,91.0,72.0,0.0,999.9,1,658
4,2014,07,03,2014-07-03,77.3,71.8,1013.2,5.8,2.0,8.0,22.0,91.0,72.0,1.0,999.9,1,740
5,2014,07,04,2014-07-04,70.4,65.9,1014.4,6.2,3.7,8.9,19.0,87.1,64.9,1.74,999.9,1,360
6,2014,07,05,2014-07-05,71.4,49.1,1018.5,10.0,6.7,9.9,19.0,81.0,63.0,0.14,999.9,0,505
7,2014,07,06,2014-07-06,76.0,52.5,1017.4,10.0,4.1,8.9,17.1,84.0,63.0,0.0,999.9,0,451
1,2014,07,07,2014-07-07,79.8,61.8,1010.7,9.6,4.8,8.9,15.9,90.0,66.0,0.0,999.9,0,614
2,2014,07,08,2014-07-08,81.4,66.6,1008.3,8.1,4.1,7.0,20.0,91.0,71.1,0.43,999.9,0,594
3,2014,07,09,2014-07-09,78.8,65.0,1010.1,9.8,4.9,11.1,19.0,86.0,72.0,0.39,999.9,0,569
4,2014,07,10,2014-07-10,75.4,62.1,1017.2,9.6,2.9,7.0,18.1,88.0,71.1,0.09,999.9,0,584
5,2014,07,11,2014-07-11,76.8,58.4,1021.4,10.0,3.5,8.0,999.9,86.0,72.0,0.0,999.9,0,642
6,2014,07,12,2014-07-12,76.2,60.5,1022.6,9.8,2.1,8.9,17.1,86.0,71.1,0.0,999.9,0,550
7,2014,07,13,2014-07-13,75.8,65.2,1017.4,9.3,4.3,8.0,14.0,82.0,72.0,0.0,999.9,0,439
1,2014,07,14,2014-07-14,75.7,70.8,1011.4,7.2,3.0,5.1,999.9,82.9,69.8,0.03,999.9,0,567
2,2014,07,15,2014-07-15,75.3,72.0,1008.3,4.4,2.8,7.0,15.9,86.0,72.0,0.46,999.9,1,587
3,2014,07,16,2014-07-16,73.3,64.9,1009.3,6.6,2.5,6.0,999.9,86.0,68.0,1.3,999.9,0,551
4,2014,07,17,2014-07-17,73.6,54.8,1013.9,10.0,3.5,7.0,999.9,81.0,66.9,0.0,999.9,0,587
5,2014,07,18,2014-07-18,73.4,52.8,1021.6,10.0,3.6,8.0,999.9,81.0,64.0,0.0,999.9,0,624
6,2014,07,19,2014-07-19,72.2,51.3,1023.7,10.0,4.5,6.0,999.9,75.9,68.5,0.0,999.9,0,480
7,2014,07,20,2014-07-20,71.9,58.5,1020.0,10.0,5.4,8.0,999.9,78.1,66.2,0.0,999.9,0,451
1,2014,07,21,2014-07-21,73.9,60.3,1021.3,9.8,1.6,4.1,999.9,84.9,64.0,0.0,999.9,0,557
2,2014,07,22,2014-07-22,77.0,63.5,1020.5,9.9,2.3,6.0,999.9,86.0,66.9,0.0,999.9,0,587
3,2014,07,23,2014-07-23,79.7,66.9,1013.7,9.8,4.8,7.0,15.9,88.0,71.1,0.0,999.9,0,591
4,2014,07,24,2014-07-24,75.1,63.6,1010.3,8.7,4.4,8.0,22.0,79.0,71.6,0.19,999.9,0,539
5,2014,07,25,2014-07-25,73.7,53.4,1014.7,10.0,3.5,8.0,999.9,82.0,66.0,0.0,999.9,0,653
6,2014,07,26,2014-07-26,73.9,59.9,1015.1,10.0,3.6,6.0,15.0,82.0,66.0,0.0,999.9,0,534
7,2014,07,27,2014-07-27,77.0,67.0,1008.6,9.1,2.9,7.0,999.9,84.9,69.1,0.01,999.9,0,476
1,2014,07,28,2014-07-28,75.8,65.3,1001.6,9.0,4.6,9.9,25.1,84.9,69.1,0.2,999.9,0,595
2,2014,07,29,2014-07-29,69.6,52.5,1009.5,10.0,5.3,12.0,20.0,82.0,64.0,0.19,999.9,0,526
3,2014,07,30,2014-07-30,70.8,51.2,1015.8,10.0,2.8,6.0,999.9,80.1,63.0,0.0,999.9,0,605
4,2014,07,31,2014-07-31,73.5,57.3,1018.3,9.8,2.5,5.1,17.1,82.0,63.0,0.0,999.9,0,626
5,2014,08,01,2014-08-01,75.5,65.2,1021.6,7.8,3.3,7.0,14.0,84.0,68.0,0.0,999.9,0,667
6,2014,08,02,2014-08-02,70.4,61.8,1021.3,8.0,4.7,12.0,21.0,84.0,63.0,0.36,999.9,0,540
7,2014,08,03,2014-08-03,69.5,62.3,1019.2,7.5,2.2,7.0,999.9,75.9,63.0,0.1,999.9,0,476
1,2014,08,04,2014-08-04,75.0,64.7,1017.5,9.4,2.9,7.0,999.9,84.0,66.0,0.02,999.9,0,589
2,2014,08,05,2014-08-05,78.6,61.8,1015.9,10.0,1.4,5.1,999.9,89.1,70.0,0.0,999.9,0,606
3,2014,08,06,2014-08-06,76.3,60.3,1011.8,9.8,3.1,11.1,20.0,82.9,70.0,0.0,999.9,0,562
4,2014,08,07,2014-08-07,74.4,52.5,1013.1,10.0,3.6,8.9,19.0,82.9,66.0,0.0,999.9,0,585
5,2014,08,08,2014-08-08,73.2,51.2,1017.3,10.0,2.7,6.0,999.9,82.9,64.9,0.0,999.9,0,601
6,2014,08,09,2014-08-09,76.0,52.8,1018.7,10.0,2.5,6.0,999.9,87.1,64.9,0.0,999.9,0,538
7,2014,08,10,2014-08-10,77.5,56.1,1019.5,10.0,2.3,6.0,999.9,88.0,66.0,0.0,999.9,0,512
1,2014,08,11,2014-08-11,77.5,56.2,1019.9,10.0,2.7,7.0,999.9,88.0,68.0,0.0,999.9,0,604
2,2014,08,12,2014-08-12,74.4,64.9,1017.3,9.5,4.3,8.9,21.0,78.1,71.6,0.0,999.9,0,491
3,2014,08,13,2014-08-13,72.5,66.3,1006.6,7.5,4.9,9.9,21.0,82.0,68.0,0.7,999.9,0,572
4,2014,08,14,2014-08-14,70.9,52.5,1010.0,10.0,4.3,8.0,17.1,82.0,63.0,0.02,999.9,0,625
5,2014,08,15,2014-08-15,68.0,48.8,1013.0,10.0,4.8,9.9,17.1,73.9,61.0,0.0,999.9,0,522
6,2014,08,16,2014-08-16,70.3,50.5,1015.0,10.0,3.4,8.9,15.9,78.1,61.0,0.0,999.9,0,490
7,2014,08,17,2014-08-17,73.6,54.5,1011.4,10.0,3.4,7.0,999.9,82.0,63.0,0.0,999.9,0,476
1,2014,08,18,2014-08-18,72.0,52.3,1011.7,10.0,3.7,8.9,999.9,82.0,63.0,0.01,999.9,0,595
2,2014,08,19,2014-08-19,72.2,56.5,1012.1,9.8,3.6,6.0,999.9,82.9,63.0,0.0,999.9,0,516
3,2014,08,20,2014-08-20,75.1,60.5,1014.8,10.0,1.8,6.0,999.9,84.0,63.0,0.0,999.9,0,551
4,2014,08,21,2014-08-21,73.9,60.3,1017.0,9.7,2.8,8.0,14.0,84.0,66.0,0.04,999.9,0,567
5,2014,08,22,2014-08-22,70.6,62.7,1016.8,8.1,3.5,8.9,999.9,82.9,64.9,0.37,999.9,0,568
6,2014,08,23,2014-08-23,70.4,58.2,1018.4,10.0,5.0,11.1,15.0,79.0,64.9,0.06,999.9,0,454
7,2014,08,24,2014-08-24,70.7,58.4,1020.1,10.0,2.9,8.0,999.9,80.1,64.0,0.01,999.9,0,437
1,2014,08,25,2014-08-25,74.3,57.8,1020.9,10.0,1.9,8.0,999.9,88.0,64.0,0.0,999.9,0,549
2,2014,08,26,2014-08-26,77.7,61.6,1020.1,9.5,2.0,5.1,999.9,89.1,64.0,0.0,999.9,0,608
3,2014,08,27,2014-08-27,78.5,60.9,1015.8,9.9,2.3,7.0,999.9,90.0,70.0,0.0,999.9,0,538
4,2014,08,28,2014-08-28,76.4,56.2,1012.1,10.0,4.9,8.9,18.1,90.0,68.0,0.0,999.9,0,618
5,2014,08,29,2014-08-29,69.6,48.9,1020.4,10.0,2.8,7.0,17.1,82.0,61.0,0.0,999.9,0,631
6,2014,08,30,2014-08-30,71.4,56.4,1023.9,10.0,2.5,7.0,999.9,80.1,61.0,0.0,999.9,0,510
7,2014,08,31,2014-08-31,77.0,66.9,1018.5,8.5,3.0,8.0,26.0,90.0,64.9,0.0,999.9,1,495
1,2014,09,01,2014-09-01,79.3,70.6,1015.1,9.3,2.6,5.1,999.9,90.0,73.0,0.62,999.9,0,392
2,2014,09,02,2014-09-02,83.5,69.5,1012.1,9.9,3.6,8.9,15.9,91.9,75.0,0.0,999.9,0,700
3,2014,09,03,2014-09-03,79.4,59.5,1013.9,10.0,4.6,12.0,21.0,91.9,72.0,0.0,999.9,0,580
4,2014,09,04,2014-09-04,77.9,56.9,1020.6,10.0,1.3,5.1,999.9,87.1,69.1,0.0,999.9,0,727
5,2014,09,05,2014-09-05,78.2,67.8,1020.1,8.9,3.1,6.0,15.0,87.1,69.1,0.0,999.9,0,647
6,2014,09,06,2014-09-06,80.9,70.9,1013.6,8.4,3.8,8.0,999.9,91.0,72.0,0.0,999.9,0,553
7,2014,09,07,2014-09-07,72.6,57.5,1017.1,9.9,4.1,8.9,18.1,91.0,64.9,0.11,999.9,0,477
1,2014,09,08,2014-09-08,70.1,52.2,1024.6,10.0,6.1,12.0,17.1,81.0,64.9,0.0,999.9,0,598
2,2014,09,09,2014-09-09,68.1,56.0,1024.3,10.0,7.1,11.1,18.1,75.0,63.0,0.0,999.9,0,592
3,2014,09,10,2014-09-10,69.4,56.7,1019.5,10.0,5.6,9.9,18.1,78.1,63.0,0.0,999.9,0,618
4,2014,09,11,2014-09-11,73.9,63.5,1013.1,10.0,4.0,8.0,17.1,82.9,63.0,0.0,999.9,0,619
5,2014,09,12,2014-09-12,70.1,52.7,1017.2,10.0,4.2,7.0,15.0,82.9,62.1,0.0,999.9,0,730
6,2014,09,13,2014-09-13,63.9,52.7,1021.4,8.6,5.2,8.9,999.9,78.1,60.1,0.0,999.9,0,558
7,2014,09,14,2014-09-14,60.9,48.3,1022.9,9.4,2.8,8.0,14.0,71.1,53.1,0.26,999.9,0,528
1,2014,09,15,2014-09-15,62.8,43.4,1022.2,10.0,2.5,7.0,999.9,71.1,53.1,0.0,999.9,0,610
2,2014,09,16,2014-09-16,63.5,53.5,1016.7,8.3,1.7,8.0,999.9,71.1,55.0,0.03,999.9,0,613
3,2014,09,17,2014-09-17,64.3,45.5,1016.4,10.0,2.4,6.0,999.9,73.0,55.0,0.34,999.9,0,658
4,2014,09,18,2014-09-18,65.8,47.4,1015.4,10.0,1.8,5.1,999.9,75.9,55.0,0.0,999.9,0,650
5,2014,09,19,2014-09-19,61.6,44.5,1024.4,10.0,6.6,12.0,18.1,75.9,54.0,0.0,999.9,0,648
6,2014,09,20,2014-09-20,65.0,52.7,1025.1,9.9,3.2,8.0,18.1,75.0,54.0,0.0,999.9,0,594
7,2014,09,21,2014-09-21,70.2,65.0,1010.6,5.1,1.2,6.0,999.9,75.0,57.0,0.15,999.9,0,515
1,2014,09,22,2014-09-22,67.3,52.7,1009.5,9.9,5.3,8.9,20.0,75.0,61.0,0.0,999.9,0,662
2,2014,09,23,2014-09-23,60.1,40.1,1024.6,10.0,2.7,7.0,14.0,71.1,52.0,0.0,999.9,0,592
3,2014,09,24,2014-09-24,64.1,52.3,1032.4,10.0,3.8,8.0,15.9,71.1,52.0,0.0,999.9,0,566
4,2014,09,25,2014-09-25,61.7,53.7,1028.9,8.6,7.4,11.1,20.0,66.0,57.0,0.02,999.9,0,491
5,2014,09,26,2014-09-26,66.2,51.3,1022.6,10.0,4.3,8.9,15.9,77.0,57.0,0.3,999.9,0,643
6,2014,09,27,2014-09-27,70.7,53.4,1022.3,10.0,2.7,7.0,999.9,82.9,57.9,0.0,999.9,0,600
7,2014,09,28,2014-09-28,73.1,57.4,1020.2,9.8,0.9,5.1,999.9,84.0,60.1,0.0,999.9,0,512
1,2014,09,29,2014-09-29,72.4,57.9,1014.7,9.9,1.2,6.0,999.9,84.0,64.0,0.0,999.9,0,566
2,2014,09,30,2014-09-30,68.8,57.9,1013.8,9.4,3.3,8.9,15.0,79.0,66.0,0.0,999.9,0,589
3,2014,10,01,2014-10-01,63.2,57.1,1016.5,8.4,5.2,8.0,999.9,64.9,60.8,0.0,999.9,0,559
4,2014,10,02,2014-10-02,63.5,54.1,1019.6,9.8,4.8,8.9,15.9,70.0,61.0,0.02,999.9,0,558
5,2014,10,03,2014-10-03,62.9,50.7,1018.1,10.0,3.6,7.0,14.0,71.1,55.9,0.0,999.9,0,719
6,2014,10,04,2014-10-04,64.2,57.1,1004.8,7.3,5.3,12.0,21.0,69.1,60.1,0.14,999.9,1,531
7,2014,10,05,2014-10-05,53.1,34.7,1009.0,10.0,5.7,12.0,20.0,69.1,46.0,1.04,999.9,0,505
1,2014,10,06,2014-10-06,58.6,42.1,1016.8,10.0,3.0,8.0,21.0,69.1,46.0,0.0,999.9,0,639
2,2014,10,07,2014-10-07,66.2,52.6,1016.8,10.0,3.9,9.9,17.1,71.1,50.0,0.0,999.9,0,620
3,2014,10,08,2014-10-08,66.7,53.0,1010.9,9.5,5.4,8.9,22.9,72.0,63.0,0.1,999.9,0,639
4,2014,10,09,2014-10-09,62.6,37.8,1015.1,10.0,5.2,9.9,24.1,73.0,55.0,0.04,999.9,0,499
5,2014,10,10,2014-10-10,58.7,37.0,1018.6,10.0,2.6,7.0,999.9,68.0,52.0,0.0,999.9,0,541
6,2014,10,11,2014-10-11,54.9,46.5,1018.5,7.8,3.7,8.0,15.0,64.0,51.1,0.14,999.9,0,546
7,2014,10,12,2014-10-12,54.0,41.1,1023.6,9.9,2.1,5.1,15.9,63.0,48.0,0.19,999.9,0,473
1,2014,10,13,2014-10-13,58.7,47.7,1026.4,9.4,2.0,5.1,999.9,64.9,48.0,0.0,999.9,0,451
2,2014,10,14,2014-10-14,67.9,61.3,1022.6,7.9,3.7,8.0,15.9,75.9,52.0,0.05,999.9,0,697
3,2014,10,15,2014-10-15,71.4,64.8,1017.1,9.0,4.4,8.0,22.0,77.0,63.0,0.0,999.9,0,575
4,2014,10,16,2014-10-16,68.8,63.8,1007.1,5.2,3.4,8.9,17.1,77.0,64.0,1.68,999.9,1,602
5,2014,10,17,2014-10-17,64.6,51.4,1005.6,9.7,4.0,7.0,20.0,71.1,59.0,0.12,999.9,0,648
6,2014,10,18,2014-10-18,63.8,50.3,1003.1,10.0,4.7,9.9,19.0,71.1,59.0,0.0,999.9,0,494
7,2014,10,19,2014-10-19,53.4,34.4,1010.4,10.0,7.2,11.1,24.1,61.0,46.9,0.0,999.9,0,483
1,2014,10,20,2014-10-20,49.4,30.9,1017.8,9.8,4.0,7.0,999.9,60.1,42.1,0.0,999.9,0,591
2,2014,10,21,2014-10-21,60.2,46.2,1012.4,10.0,2.7,7.0,15.0,66.9,42.1,0.0,999.9,0,607
3,2014,10,22,2014-10-22,55.5,51.2,1012.0,7.1,6.8,13.0,22.0,60.8,51.8,0.61,999.9,0,708
4,2014,10,23,2014-10-23,51.4,46.9,1006.3,7.1,7.3,13.0,22.9,57.9,50.0,1.23,999.9,0,639
5,2014,10,24,2014-10-24,54.7,43.3,1008.7,10.0,4.0,6.0,999.9,63.0,50.0,0.39,999.9,0,669
6,2014,10,25,2014-10-25,58.1,39.2,1008.8,10.0,4.3,9.9,17.1,66.9,50.0,0.0,999.9,0,515
7,2014,10,26,2014-10-26,58.4,38.6,1003.3,9.9,6.8,11.1,26.0,66.9,50.0,0.01,999.9,0,515
1,2014,10,27,2014-10-27,56.0,35.6,1013.5,10.0,5.4,8.9,19.0,63.0,48.0,0.0,999.9,0,642
2,2014,10,28,2014-10-28,60.6,44.0,1015.9,10.0,2.3,6.0,999.9,72.0,48.0,0.0,999.9,0,571
3,2014,10,29,2014-10-29,64.5,52.4,1011.9,9.3,3.9,8.0,999.9,72.0,53.1,0.0,999.9,0,556
4,2014,10,30,2014-10-30,52.5,40.3,1014.8,9.9,3.6,8.0,999.9,72.0,48.0,0.0,999.9,0,626
5,2014,10,31,2014-10-31,49.9,34.8,1015.1,10.0,4.3,8.0,15.0,59.0,45.0,0.0,999.9,0,668
6,2014,11,01,2014-11-01,46.5,39.1,1009.9,8.9,7.9,12.0,24.1,55.0,44.1,0.11,999.9,0,656
7,2014,11,02,2014-11-02,44.1,28.1,1010.4,9.9,9.4,14.0,26.0,48.0,42.1,0.29,999.9,0,532
1,2014,11,03,2014-11-03,47.6,22.7,1018.6,10.0,6.0,11.1,24.1,61.0,39.0,0.0,999.9,0,625
2,2014,11,04,2014-11-04,59.5,23.7,1020.0,10.0,4.4,7.0,15.0,68.0,39.0,0.0,999.9,0,538
3,2014,11,05,2014-11-05,60.4,36.4,1018.1,10.0,4.3,6.0,17.1,68.0,53.1,0.0,999.9,0,554
4,2014,11,06,2014-11-06,52.0,42.2,1016.9,5.9,2.6,7.0,999.9,64.0,48.0,0.12,999.9,0,652
5,2014,11,07,2014-11-07,49.0,38.5,1004.0,8.5,5.3,9.9,22.0,57.0,45.0,0.25,999.9,0,641
6,2014,11,08,2014-11-08,41.9,24.7,1014.5,10.0,5.3,8.9,24.1,53.1,36.0,0.0,999.9,0,543
7,2014,11,09,2014-11-09,50.0,32.0,1013.4,10.0,3.6,8.0,18.1,57.0,36.0,0.0,999.9,0,419
1,2014,11,10,2014-11-10,51.9,32.5,1019.2,10.0,1.9,6.0,999.9,61.0,44.1,0.0,999.9,0,560
2,2014,11,11,2014-11-11,56.4,47.7,1018.7,8.9,2.9,8.0,15.9,64.0,44.1,0.0,999.9,0,493
3,2014,11,12,2014-11-12,59.5,52.6,1013.1,5.7,2.4,6.0,999.9,64.9,48.9,0.0,999.9,1,546
4,2014,11,13,2014-11-13,45.1,30.1,1018.0,9.9,3.0,6.0,999.9,64.9,39.0,0.0,999.9,0,696
5,2014,11,14,2014-11-14,38.6,26.0,1016.7,8.3,5.6,9.9,19.0,48.0,35.1,0.26,999.9,0,654
6,2014,11,15,2014-11-15,37.2,17.3,1024.7,10.0,4.1,6.0,999.9,42.1,33.1,0.06,999.9,0,529
7,2014,11,16,2014-11-16,40.0,20.4,1026.6,10.0,2.9,7.0,999.9,44.1,33.1,0.0,999.9,0,429
1,2014,11,17,2014-11-17,43.7,38.2,1014.9,4.2,2.6,8.9,999.9,52.0,35.1,0.49,999.9,1,666
2,2014,11,18,2014-11-18,35.4,16.3,1008.3,9.9,8.5,15.9,27.0,52.0,27.0,1.08,999.9,0,712
3,2014,11,19,2014-11-19,26.7,4.5,1021.4,10.0,6.9,9.9,21.0,45.0,21.9,0.0,999.9,0,633
4,2014,11,20,2014-11-20,38.2,16.3,1014.6,10.0,5.7,11.1,22.9,45.0,21.9,0.0,999.9,0,635
5,2014,11,21,2014-11-21,32.3,8.1,1022.2,10.0,7.5,11.1,20.0,45.0,28.0,0.0,999.9,0,677
6,2014,11,22,2014-11-22,34.3,11.1,1029.9,10.0,3.7,8.0,15.9,44.1,28.0,0.0,999.9,0,512
7,2014,11,23,2014-11-23,47.4,22.2,1021.7,10.0,4.0,9.9,20.0,57.0,28.0,0.0,999.9,0,425
1,2014,11,24,2014-11-24,60.7,53.2,1007.5,7.9,4.0,8.9,20.0,69.1,43.0,0.68,999.9,0,722
2,2014,11,25,2014-11-25,60.0,40.4,1011.9,10.0,4.3,8.9,17.1,66.9,52.0,0.02,999.9,0,599
3,2014,11,26,2014-11-26,42.9,30.4,1018.5,6.4,6.6,15.9,28.9,52.0,34.0,0.01,999.9,0,742
4,2014,11,27,2014-11-27,36.3,30.3,1013.5,8.6,4.5,8.9,14.0,51.1,34.0,1.23,999.9,0,378
5,2014,11,28,2014-11-28,33.5,19.6,1020.1,10.0,5.6,8.9,21.0,37.0,30.9,0.02,999.9,0,444
6,2014,11,29,2014-11-29,31.4,12.7,1026.1,10.0,3.1,7.0,999.9,37.0,27.0,0.0,999.9,0,394
7,2014,11,30,2014-11-30,47.5,30.7,1021.2,10.0,3.3,7.0,999.9,54.0,27.0,0.0,999.9,0,377
1,2014,12,01,2014-12-01,55.4,40.5,1020.0,9.8,5.7,8.9,18.1,64.9,45.0,0.0,999.9,0,644
2,2014,12,02,2014-12-02,39.4,26.8,1033.3,9.3,8.0,13.0,22.0,44.1,35.1,0.09,999.9,0,611
3,2014,12,03,2014-12-03,43.8,39.6,1021.7,5.4,6.1,12.0,21.0,46.4,41.0,0.09,999.9,0,569
4,2014,12,04,2014-12-04,41.2,22.5,1026.2,10.0,5.8,9.9,21.0,46.0,37.0,0.05,999.9,0,606
5,2014,12,05,2014-12-05,38.4,26.0,1033.7,9.4,6.1,11.1,17.1,45.0,34.0,0.0,999.9,0,673
6,2014,12,06,2014-12-06,44.8,42.0,1021.4,3.0,2.6,7.0,999.9,50.0,34.0,0.68,999.9,0,628
7,2014,12,07,2014-12-07,38.2,24.6,1028.6,9.1,10.4,15.9,31.1,50.0,34.0,1.09,999.9,0,493
1,2014,12,08,2014-12-08,29.2,11.1,1036.7,10.0,8.9,13.0,20.0,42.1,24.1,0.04,999.9,0,579
2,2014,12,09,2014-12-09,38.2,33.7,1019.3,6.3,10.4,19.0,27.0,42.1,24.1,0.53,999.9,0,645
3,2014,12,10,2014-12-10,37.7,32.7,1003.7,7.0,6.6,11.1,22.9,42.1,32.0,2.01,999.9,0,649
4,2014,12,11,2014-12-11,34.1,22.5,1005.5,8.8,7.3,12.0,22.0,39.9,30.9,0.09,999.9,0,669
5,2014,12,12,2014-12-12,34.5,21.0,1013.4,10.0,6.2,11.1,15.9,37.9,30.9,0.01,1.2,0,687
6,2014,12,13,2014-12-13,37.5,23.7,1014.5,10.0,8.2,12.0,21.0,44.1,32.0,0.0,999.9,0,594
7,2014,12,14,2014-12-14,41.0,28.3,1012.2,10.0,5.9,12.0,18.1,46.0,37.9,0.0,999.9,0,439
1,2014,12,15,2014-12-15,41.6,28.7,1016.6,10.0,3.0,7.0,999.9,48.0,37.0,0.0,999.9,0,720
2,2014,12,16,2014-12-16,43.2,35.2,1018.3,8.3,2.8,7.0,999.9,48.9,37.0,0.0,999.9,0,645
3,2014,12,17,2014-12-17,47.4,39.7,1010.3,6.7,4.2,9.9,20.0,54.0,37.9,0.22,999.9,0,555
4,2014,12,18,2014-12-18,40.7,24.2,1013.5,10.0,7.8,11.1,25.1,54.0,37.9,0.02,999.9,0,621
5,2014,12,19,2014-12-19,36.2,21.6,1016.5,10.0,6.4,9.9,17.1,42.1,32.0,0.0,999.9,0,652
6,2014,12,20,2014-12-20,31.7,19.1,1023.9,10.0,4.8,8.0,15.0,37.9,30.0,0.0,999.9,0,505
7,2014,12,21,2014-12-21,32.4,23.2,1025.7,9.6,3.8,7.0,999.9,36.0,30.0,0.0,999.9,0,409
1,2014,12,22,2014-12-22,37.4,31.8,1025.9,8.5,5.0,8.9,999.9,43.0,30.9,0.0,999.9,0,566
2,2014,12,23,2014-12-23,44.4,41.8,1020.1,4.2,7.0,13.0,22.9,46.4,42.8,0.18,999.9,0,732
3,2014,12,24,2014-12-24,45.5,44.1,1014.2,3.3,5.7,8.9,14.0,53.1,43.0,0.05,999.9,0,519
4,2014,12,25,2014-12-25,53.2,41.7,1007.1,7.7,7.3,13.0,25.1,62.6,48.0,0.86,999.9,0,303
5,2014,12,26,2014-12-26,44.9,27.6,1021.6,10.0,5.6,9.9,15.9,50.0,39.9,0.09,999.9,0,446
6,2014,12,27,2014-12-27,47.7,30.1,1022.9,10.0,3.5,7.0,999.9,55.0,39.9,0.0,999.9,0,406
7,2014,12,28,2014-12-28,49.4,36.8,1014.8,9.1,5.0,9.9,19.0,55.0,44.1,0.0,999.9,0,349
1,2014,12,29,2014-12-29,41.4,21.6,1020.3,10.0,4.8,9.9,18.1,54.0,37.9,0.1,999.9,0,411
2,2014,12,30,2014-12-30,32.5,14.6,1026.9,10.0,4.3,7.0,15.0,44.1,30.0,0.0,999.9,0,469
3,2014,12,31,2014-12-31,29.4,8.5,1026.7,10.0,4.3,8.9,18.1,34.0,27.0,0.0,999.9,0,461
4,2015,01,01,2015-01-01,31.4,8.1,1019.6,10.0,5.3,9.9,25.1,39.0,27.0,0.0,999.9,0,395
5,2015,01,02,2015-01-02,38.7,16.1,1020.5,10.0,7.0,9.9,20.0,42.1,27.0,0.0,999.9,0,442
6,2015,01,03,2015-01-03,35.5,22.4,1032.6,7.6,5.0,8.9,14.0,42.1,33.1,0.0,999.9,0,456
7,2015,01,04,2015-01-04,45.4,42.3,1010.6,5.8,5.1,8.9,19.0,55.9,33.1,0.89,999.9,0,381
1,2015,01,05,2015-01-05,40.9,19.1,1015.5,9.7,9.7,15.9,40.0,55.9,28.9,0.12,999.9,0,498
2,2015,01,06,2015-01-06,21.0,4.8,1026.7,7.3,4.2,9.9,22.0,27.0,19.0,0.0,999.9,0,777
3,2015,01,07,2015-01-07,20.7,5.7,1015.9,9.7,9.5,15.9,29.9,23.0,15.1,0.05,999.9,0,538
4,2015,01,08,2015-01-08,13.0,-6.2,1027.1,10.0,8.8,18.1,31.1,23.0,8.1,0.0,1.2,0,573
5,2015,01,09,2015-01-09,24.9,7.5,1019.3,8.7,7.4,14.0,21.0,33.1,16.0,0.0,999.9,0,751
6,2015,01,10,2015-01-10,21.1,-0.3,1028.0,10.0,7.5,15.0,20.0,33.1,16.0,0.07,999.9,0,481
7,2015,01,11,2015-01-11,25.7,3.0,1035.9,10.0,5.5,9.9,20.0,37.0,16.0,0.0,1.2,0,341
1,2015,01,12,2015-01-12,36.9,23.7,1029.2,6.6,3.3,8.9,15.0,37.9,35.1,0.01,1.2,0,580
2,2015,01,13,2015-01-13,29.5,17.3,1030.6,9.8,7.3,14.0,19.0,39.0,19.0,0.35,999.9,0,613
3,2015,01,14,2015-01-14,22.8,9.5,1031.1,10.0,6.4,11.1,15.0,36.0,16.0,0.0,999.9,0,506
4,2015,01,15,2015-01-15,29.5,16.3,1019.8,10.0,3.6,8.0,999.9,34.0,25.0,0.0,999.9,0,548
5,2015,01,16,2015-01-16,33.4,14.9,1012.0,9.5,7.3,13.0,25.1,43.0,25.0,0.0,999.9,0,563
6,2015,01,17,2015-01-17,22.2,1.8,1026.1,10.0,6.5,15.9,26.0,43.0,17.1,0.0,999.9,0,495
7,2015,01,18,2015-01-18,35.1,27.8,1021.2,5.7,3.3,6.0,999.9,42.8,30.0,0.0,999.9,1,961
1,2015,01,19,2015-01-19,39.2,27.9,1008.4,9.4,6.2,11.1,22.9,42.1,30.9,2.1,999.9,0,496
2,2015,01,20,2015-01-20,37.5,20.2,1012.3,10.0,5.1,8.0,17.1,42.1,34.0,0.0,999.9,0,500
3,2015,01,21,2015-01-21,31.4,8.9,1019.4,10.0,4.2,7.0,999.9,39.9,25.0,0.0,999.9,0,495
4,2015,01,22,2015-01-22,34.4,19.0,1022.5,8.3,3.4,8.0,999.9,39.9,25.0,0.0,999.9,0,508
5,2015,01,23,2015-01-23,32.7,15.6,1024.9,10.0,5.5,8.9,19.0,39.9,28.0,0.0,999.9,0,598
6,2015,01,24,2015-01-24,35.4,29.3,1005.6,4.2,5.5,11.1,17.1,39.0,28.0,0.66,999.9,1,428
7,2015,01,25,2015-01-25,37.8,20.0,1004.0,9.9,5.8,9.9,22.9,42.1,33.1,0.06,3.1,0,406
1,2015,01,26,2015-01-26,26.5,12.7,1014.6,5.6,9.8,17.1,28.9,35.1,21.2,0.0,2.0,1,484
2,2015,01,27,2015-01-27,24.8,16.8,1005.1,4.3,8.8,17.1,27.0,30.0,21.0,0.78,2.0,1,188
3,2015,01,28,2015-01-28,23.6,3.8,1014.8,10.0,7.7,12.0,21.0,34.0,16.0,0.36,7.9,0,458
4,2015,01,29,2015-01-29,26.6,6.5,1024.2,10.0,3.1,6.0,999.9,34.0,16.0,0.0,7.9,0,519
5,2015,01,30,2015-01-30,34.2,23.0,1012.6,7.8,6.7,15.0,29.9,37.9,19.0,0.07,5.9,0,622
6,2015,01,31,2015-01-31,19.6,-0.2,1018.5,10.0,11.8,17.1,34.0,37.9,12.9,0.01,7.1,0,526
7,2015,02,01,2015-02-01,27.6,11.4,1021.9,9.9,3.5,8.9,15.9,36.0,19.9,0.0,7.1,0,361
1,2015,02,02,2015-02-02,29.9,25.0,1008.1,3.0,6.8,15.0,26.0,36.0,19.9,0.71,5.9,1,680
2,2015,02,03,2015-02-03,18.1,7.6,1019.8,8.9,7.2,12.0,26.0,34.0,12.9,0.34,7.1,0,740
3,2015,02,04,2015-02-04,31.2,17.3,1023.0,9.1,4.0,8.0,14.0,42.1,12.9,0.0,7.9,0,585
4,2015,02,05,2015-02-05,33.8,16.1,1014.6,10.0,6.3,11.1,22.9,43.0,21.0,0.0,7.9,0,569
5,2015,02,06,2015-02-06,17.9,-1.5,1022.5,10.0,7.6,12.0,24.1,27.0,12.0,0.0,7.9,0,652
6,2015,02,07,2015-02-07,29.8,12.6,1019.7,9.0,3.5,8.9,15.0,37.9,12.0,0.0,7.9,0,449
7,2015,02,08,2015-02-08,35.1,27.6,1013.7,5.9,5.9,13.0,18.1,39.9,25.0,0.02,7.9,0,394
1,2015,02,09,2015-02-09,27.7,21.0,1014.8,8.8,9.6,15.9,22.9,37.0,25.0,0.03,7.9,0,547
2,2015,02,10,2015-02-10,30.0,19.3,1016.7,9.6,8.1,11.1,20.0,39.9,25.0,0.07,7.9,0,571
3,2015,02,11,2015-02-11,28.3,12.2,1017.2,10.0,7.8,15.9,24.1,39.9,21.9,0.01,7.9,0,610
4,2015,02,12,2015-02-12,32.3,19.4,1009.9,8.9,4.6,8.9,21.0,39.9,21.9,0.0,7.9,0,526
5,2015,02,13,2015-02-13,16.1,-4.7,1017.2,10.0,8.8,15.9,28.0,39.9,8.1,0.0,7.9,0,757
6,2015,02,14,2015-02-14,23.4,4.9,1014.0,8.5,4.6,8.9,20.0,32.0,8.1,0.0,7.9,0,436
7,2015,02,15,2015-02-15,18.9,4.1,1005.5,8.8,10.8,15.0,34.0,32.0,10.0,0.02,7.9,0,454
1,2015,02,16,2015-02-16,9.8,-11.8,1020.5,10.0,8.5,17.1,32.1,25.0,3.0,0.0,9.1,0,402
2,2015,02,17,2015-02-17,20.2,5.0,1014.4,6.7,3.9,8.9,999.9,27.0,3.0,0.11,9.1,0,620
3,2015,02,18,2015-02-18,24.9,10.3,1011.2,9.6,2.9,7.0,999.9,33.1,14.0,0.03,11.8,0,626
4,2015,02,19,2015-02-19,20.9,2.1,1008.1,9.7,9.3,14.0,25.1,33.1,14.0,0.0,9.1,0,515
5,2015,02,20,2015-02-20,10.0,-11.1,1021.3,10.0,9.7,14.0,27.0,27.0,1.9,0.0,9.1,0,621
6,2015,02,21,2015-02-21,20.5,3.2,1031.1,7.7,4.6,8.0,17.1,28.9,1.9,0.0,9.1,0,517
7,2015,02,22,2015-02-22,34.3,28.2,1021.2,4.5,2.1,7.0,17.1,43.0,28.9,0.71,9.1,1,519
1,2015,02,23,2015-02-23,28.2,8.4,1024.0,10.0,8.7,15.0,24.1,43.0,15.1,0.1,13.0,0,574
2,2015,02,24,2015-02-24,12.1,-6.8,1025.2,10.0,6.0,13.0,21.0,21.9,3.9,0.0,11.8,0,580
3,2015,02,25,2015-02-25,27.6,9.5,1010.4,10.0,5.8,9.9,21.0,37.0,19.9,0.0,11.8,0,628
4,2015,02,26,2015-02-26,26.8,8.2,1015.6,9.7,6.1,9.9,15.9,37.0,19.9,0.0,11.8,0,539
5,2015,02,27,2015-02-27,23.2,5.0,1025.7,10.0,4.6,8.9,999.9,32.0,18.0,0.0,11.0,0,703
6,2015,02,28,2015-02-28,21.5,-1.9,1039.7,10.0,3.6,8.9,15.0,30.0,12.9,0.0,11.0,0,538
7,2015,03,01,2015-03-01,27.2,7.0,1037.6,7.3,2.5,7.0,17.1,30.9,24.1,0.0,11.0,1,693
1,2015,03,02,2015-03-02,32.4,19.1,1020.2,7.5,5.3,13.0,27.0,39.0,24.1,0.52,9.8,0,650
2,2015,03,03,2015-03-03,28.2,11.9,1027.7,8.5,4.7,14.0,20.0,39.0,21.9,0.0,15.0,0,631
3,2015,03,04,2015-03-04,38.5,33.0,1010.3,5.4,5.4,8.9,21.0,45.0,30.9,0.68,14.2,0,574
4,2015,03,05,2015-03-05,30.3,27.2,1015.8,2.2,5.4,9.9,15.9,43.0,19.4,0.48,13.0,1,830
5,2015,03,06,2015-03-06,19.4,3.2,1030.9,8.7,4.7,9.9,17.1,39.9,12.0,0.52,13.0,0,939
6,2015,03,07,2015-03-07,26.1,8.7,1024.0,9.8,5.8,11.1,21.0,37.9,12.0,0.0,18.9,0,578
7,2015,03,08,2015-03-08,41.4,21.3,1017.6,9.8,4.0,11.1,19.0,48.9,37.0,0.0,18.1,0,464
1,2015,03,09,2015-03-09,46.6,23.0,1020.7,9.8,4.2,7.0,15.0,54.0,37.0,0.01,16.1,0,661
2,2015,03,10,2015-03-10,47.2,30.1,1024.6,8.5,3.3,7.0,14.0,54.0,39.0,0.13,13.0,0,584
3,2015,03,11,2015-03-11,48.8,39.6,1014.8,6.5,4.5,9.9,19.0,59.0,39.0,0.47,11.0,0,565
4,2015,03,12,2015-03-12,45.1,11.0,1025.7,10.0,7.7,15.0,25.1,59.0,39.9,0.01,5.9,0,586
5,2015,03,13,2015-03-13,37.6,4.8,1035.4,10.0,5.6,8.9,15.9,46.9,30.9,0.0,3.9,0,609
6,2015,03,14,2015-03-14,44.0,37.5,1021.2,6.4,4.0,9.9,19.0,51.1,30.9,0.23,2.0,0,507
7,2015,03,15,2015-03-15,42.4,31.3,1007.8,9.3,8.8,15.0,29.9,51.1,39.0,0.58,1.2,0,459
1,2015,03,16,2015-03-16,40.7,23.7,1014.4,10.0,4.6,14.0,22.0,52.0,35.1,0.0,999.9,0,529
2,2015,03,17,2015-03-17,49.7,31.1,1004.9,9.5,6.9,17.1,35.9,57.0,35.1,0.01,999.9,0,528
3,2015,03,18,2015-03-18,33.9,8.7,1015.7,10.0,9.6,17.1,28.0,39.0,30.0,0.01,999.9,0,547
4,2015,03,19,2015-03-19,34.0,5.1,1024.5,10.0,5.5,8.9,18.1,43.0,28.9,0.0,999.9,0,582
5,2015,03,20,2015-03-20,34.5,12.3,1025.9,6.7,5.8,12.0,18.1,43.0,28.9,0.0,999.9,1,570
6,2015,03,21,2015-03-21,33.7,27.5,1016.4,4.8,5.3,13.0,19.0,45.0,28.4,0.4,999.9,0,507
7,2015,03,22,2015-03-22,39.1,16.9,1015.9,9.7,7.2,12.0,22.0,46.9,28.9,0.0,5.1,0,432
1,2015,03,23,2015-03-23,30.3,4.3,1022.6,10.0,5.5,9.9,17.1,43.0,23.0,0.0,999.9,0,586
2,2015,03,24,2015-03-24,33.8,5.9,1026.0,10.0,4.2,9.9,999.9,45.0,23.0,0.0,999.9,0,601
3,2015,03,25,2015-03-25,39.9,20.1,1028.0,9.7,3.5,9.9,15.9,48.9,26.1,0.0,999.9,0,538
4,2015,03,26,2015-03-26,46.9,42.5,1014.8,5.0,1.9,8.0,14.0,61.0,34.0,0.05,999.9,0,525
5,2015,03,27,2015-03-27,43.9,36.6,1006.0,9.1,4.2,12.0,20.0,62.1,39.0,0.59,999.9,0,532
6,2015,03,28,2015-03-28,37.2,21.1,1009.7,9.8,6.3,11.1,19.0,46.0,33.1,0.27,999.9,0,459
7,2015,03,29,2015-03-29,33.4,6.3,1021.9,9.7,5.8,9.9,18.1,46.0,25.0,0.0,999.9,0,505
1,2015,03,30,2015-03-30,43.3,20.5,1013.4,9.8,6.6,14.0,25.1,54.0,25.0,0.0,999.9,0,556
2,2015,03,31,2015-03-31,42.2,27.9,1010.2,9.5,5.1,9.9,22.9,54.0,36.0,0.0,999.9,0,628
3,2015,04,01,2015-04-01,38.9,22.1,1015.6,9.5,4.7,8.9,19.0,51.1,32.0,0.17,999.9,0,648
4,2015,04,02,2015-04-02,51.8,21.2,1021.2,10.0,4.5,13.0,24.1,66.9,32.0,0.0,999.9,0,653
5,2015,04,03,2015-04-03,61.1,43.9,1010.6,9.1,6.3,11.1,22.0,64.0,59.0,0.0,999.9,0,491
6,2015,04,04,2015-04-04,52.9,35.8,1008.5,8.6,7.4,15.9,29.9,64.0,46.0,0.05,999.9,0,507
7,2015,04,05,2015-04-05,49.3,20.8,1020.7,10.0,4.8,11.1,22.9,61.0,42.1,0.01,999.9,0,422
1,2015,04,06,2015-04-06,50.8,34.8,1024.1,10.0,3.5,7.0,999.9,62.1,42.1,0.0,999.9,0,510
2,2015,04,07,2015-04-07,54.9,41.0,1021.8,9.4,5.7,12.0,18.1,63.0,42.1,0.0,999.9,0,452
3,2015,04,08,2015-04-08,42.3,32.8,1026.7,9.1,9.3,14.0,22.0,44.1,41.0,0.15,999.9,0,457
4,2015,04,09,2015-04-09,38.8,33.5,1025.1,8.8,8.9,13.0,22.0,45.0,37.0,0.0,999.9,0,452
5,2015,04,10,2015-04-10,44.6,41.3,1016.4,5.0,4.2,8.9,17.1,55.9,37.0,0.17,999.9,0,486
6,2015,04,11,2015-04-11,54.1,34.6,1013.2,9.5,7.9,11.1,25.1,57.0,39.0,0.0,999.9,0,576
7,2015,04,12,2015-04-12,51.3,26.1,1024.8,10.0,3.4,8.0,999.9,66.0,43.0,0.0,999.9,0,443
1,2015,04,13,2015-04-13,57.7,35.7,1025.6,10.0,3.5,9.9,20.0,68.0,43.0,0.0,999.9,0,554
2,2015,04,14,2015-04-14,60.7,41.5,1020.4,10.0,3.7,7.0,17.1,68.0,50.0,0.0,999.9,0,542
3,2015,04,15,2015-04-15,61.0,22.9,1021.1,10.0,4.6,15.0,27.0,71.1,51.1,0.01,999.9,0,595
4,2015,04,16,2015-04-16,58.0,21.0,1029.4,10.0,6.2,8.9,15.9,72.0,51.1,0.0,999.9,0,560
5,2015,04,17,2015-04-17,60.5,48.6,1018.9,9.5,5.4,11.1,21.0,71.1,52.0,0.08,999.9,0,679
6,2015,04,18,2015-04-18,68.0,43.4,1013.9,10.0,2.8,8.0,999.9,80.1,55.0,0.0,999.9,0,605
7,2015,04,19,2015-04-19,58.7,27.8,1021.4,10.0,7.1,9.9,19.0,80.1,50.0,0.0,999.9,0,471
1,2015,04,20,2015-04-20,51.1,45.5,1017.0,5.6,7.2,12.0,22.0,64.0,46.0,0.02,999.9,1,630
2,2015,04,21,2015-04-21,56.3,44.9,1003.5,5.8,5.2,12.0,21.0,64.0,46.0,1.49,999.9,1,645
3,2015,04,22,2015-04-22,57.7,34.7,1005.8,9.6,4.8,17.1,28.0,69.1,50.0,0.06,999.9,0,568
4,2015,04,23,2015-04-23,46.8,26.5,1006.3,10.0,8.1,14.0,27.0,54.0,42.1,0.05,999.9,0,612
5,2015,04,24,2015-04-24,43.5,17.9,1010.8,10.0,7.3,11.1,22.0,52.0,39.0,0.0,999.9,0,676
6,2015,04,25,2015-04-25,47.0,21.2,1010.7,10.0,5.4,8.9,21.0,62.1,37.9,0.0,999.9,0,592
7,2015,04,26,2015-04-26,54.1,27.4,1005.1,10.0,4.8,8.9,15.0,64.0,37.9,0.0,999.9,0,477
1,2015,04,27,2015-04-27,54.5,29.2,1004.6,10.0,4.8,12.0,20.0,64.0,46.0,0.0,999.9,0,558
2,2015,04,28,2015-04-28,59.0,34.1,1007.1,10.0,6.6,13.0,21.0,71.1,48.9,0.0,999.9,0,613
3,2015,04,29,2015-04-29,64.9,36.8,1005.7,10.0,4.3,7.0,17.1,78.1,50.0,0.0,999.9,0,679
4,2015,04,30,2015-04-30,55.6,38.9,1008.0,10.0,7.5,9.9,18.1,78.1,48.0,0.0,999.9,0,640
5,2015,05,01,2015-05-01,53.6,38.7,1013.9,10.0,5.1,8.0,14.0,66.9,48.0,0.0,999.9,0,642
6,2015,05,02,2015-05-02,55.1,40.1,1015.0,10.0,2.5,9.9,19.0,73.9,48.0,0.0,999.9,0,540
7,2015,05,03,2015-05-03,61.6,36.8,1017.9,10.0,2.5,8.0,999.9,80.1,48.0,0.0,999.9,0,555
1,2015,05,04,2015-05-04,70.1,44.0,1021.2,9.5,3.6,8.9,17.1,84.9,51.1,0.0,999.9,0,641
2,2015,05,05,2015-05-05,73.7,48.8,1021.5,10.0,4.6,9.9,18.1,84.9,57.0,0.0,999.9,0,638
3,2015,05,06,2015-05-06,68.1,42.9,1023.7,10.0,4.5,11.1,19.0,84.9,63.0,0.0,999.9,0,568
4,2015,05,07,2015-05-07,66.2,43.2,1022.7,10.0,1.7,6.0,14.0,80.1,55.9,0.0,999.9,0,684
5,2015,05,08,2015-05-08,66.9,51.7,1020.6,6.8,2.3,8.9,15.9,82.0,55.9,0.0,999.9,0,709
6,2015,05,09,2015-05-09,62.3,54.7,1024.4,6.0,4.3,6.0,999.9,82.0,55.9,0.0,999.9,0,560
7,2015,05,10,2015-05-10,70.0,60.5,1022.4,7.0,2.3,6.0,999.9,82.9,57.0,0.0,999.9,0,549
1,2015,05,11,2015-05-11,75.3,65.0,1019.1,8.5,3.6,7.0,15.9,84.0,61.0,0.0,999.9,0,645
2,2015,05,12,2015-05-12,75.6,61.1,1010.9,8.5,3.7,8.9,21.0,84.9,68.0,0.0,999.9,0,684
3,2015,05,13,2015-05-13,64.5,39.8,1016.1,10.0,6.7,9.9,22.0,86.0,57.9,0.0,999.9,0,655
4,2015,05,14,2015-05-14,60.0,32.8,1026.9,10.0,3.5,8.9,15.9,73.0,50.0,0.0,999.9,0,654
5,2015,05,15,2015-05-15,63.1,39.2,1025.4,10.0,3.3,8.9,15.9,75.0,50.0,0.0,999.9,0,723
6,2015,05,16,2015-05-16,65.4,52.4,1021.3,8.6,1.8,6.0,999.9,75.0,57.0,0.03,999.9,0,650
7,2015,05,17,2015-05-17,72.2,63.7,1019.6,5.6,2.1,8.0,999.9,82.9,57.0,0.29,999.9,0,543
1,2015,05,18,2015-05-18,67.2,58.5,1020.4,7.2,3.9,9.9,15.9,82.9,60.1,0.02,999.9,0,566
2,2015,05,19,2015-05-19,65.2,57.3,1014.1,5.7,1.7,6.0,999.9,80.1,59.0,0.0,999.9,0,606
3,2015,05,20,2015-05-20,62.0,42.6,1011.6,9.7,5.8,9.9,22.0,73.9,57.0,0.0,999.9,0,666
4,2015,05,21,2015-05-21,56.7,36.2,1015.3,10.0,2.5,5.1,999.9,66.9,52.0,0.0,999.9,0,615
5,2015,05,22,2015-05-22,62.1,41.0,1012.7,10.0,4.4,12.0,25.1,73.9,52.0,0.0,999.9,0,727
6,2015,05,23,2015-05-23,59.3,28.3,1025.9,10.0,4.6,9.9,20.0,73.9,48.9,0.0,999.9,0,546
7,2015,05,24,2015-05-24,66.2,41.2,1026.5,10.0,3.3,7.0,15.0,81.0,48.9,0.0,999.9,0,432
1,2015,05,25,2015-05-25,73.8,53.8,1023.5,10.0,3.6,8.9,15.9,84.9,64.9,0.0,999.9,0,420
2,2015,05,26,2015-05-26,76.1,57.5,1021.8,10.0,4.5,7.0,15.9,88.0,64.0,0.0,999.9,0,686
3,2015,05,27,2015-05-27,75.7,63.3,1020.6,8.9,4.8,8.9,18.1,88.0,66.9,0.0,999.9,0,697
4,2015,05,28,2015-05-28,75.9,65.9,1020.4,7.7,3.3,6.0,999.9,84.9,70.0,0.08,999.9,0,682
5,2015,05,29,2015-05-29,73.6,53.9,1024.4,10.0,4.5,8.9,17.1,84.9,64.9,0.0,999.9,0,813
6,2015,05,30,2015-05-30,73.5,62.1,1021.6,9.9,4.1,8.9,17.1,84.9,64.9,0.0,999.9,0,622
7,2015,05,31,2015-05-31,74.4,63.8,1017.6,8.5,4.1,8.0,20.0,87.1,66.9,0.0,999.9,1,555
1,2015,06,01,2015-06-01,58.0,55.0,1019.6,5.3,7.9,14.0,22.0,69.1,55.0,1.89,999.9,0,691
2,2015,06,02,2015-06-02,52.4,49.4,1020.5,6.1,6.8,15.0,19.0,57.9,50.0,0.4,999.9,0,642
3,2015,06,03,2015-06-03,58.0,49.6,1022.4,9.0,4.5,7.0,999.9,70.0,52.0,0.26,999.9,0,658
4,2015,06,04,2015-06-04,58.0,48.1,1024.5,10.0,4.6,8.9,999.9,70.0,52.0,0.0,999.9,0,552
5,2015,06,05,2015-06-05,59.4,51.0,1020.7,8.1,3.2,7.0,999.9,70.0,54.0,0.0,999.9,0,692
6,2015,06,06,2015-06-06,65.9,53.9,1013.6,7.6,3.5,8.9,19.0,75.9,55.0,0.32,999.9,0,598
7,2015,06,07,2015-06-07,65.0,40.3,1020.5,10.0,3.0,7.0,15.9,75.9,55.0,0.19,999.9,0,559
1,2015,06,08,2015-06-08,68.6,55.2,1015.0,9.9,4.8,8.9,15.0,79.0,63.0,0.0,999.9,0,634
2,2015,06,09,2015-06-09,73.7,63.4,1006.1,8.6,4.9,8.9,21.0,82.9,63.0,0.07,999.9,0,652
3,2015,06,10,2015-06-10,74.0,55.9,1010.4,10.0,2.5,8.0,999.9,82.9,64.9,0.01,999.9,0,667
4,2015,06,11,2015-06-11,79.6,62.3,1011.3,7.3,4.5,8.0,17.1,89.1,72.0,0.0,999.9,0,666
5,2015,06,12,2015-06-12,81.6,63.9,1013.1,8.0,3.3,8.0,999.9,89.1,72.0,0.0,999.9,0,451
6,2015,06,13,2015-06-13,81.4,61.3,1012.2,10.0,5.7,9.9,18.1,88.0,73.0,0.0,999.9,0,395
7,2015,06,14,2015-06-14,77.9,57.4,1016.8,10.0,2.1,7.0,999.9,88.0,71.1,0.0,999.9,0,578
1,2015,06,15,2015-06-15,70.8,65.6,1014.9,3.6,3.7,11.1,17.1,88.0,64.9,0.77,999.9,0,506
2,2015,06,16,2015-06-16,69.9,64.5,1013.1,6.2,3.0,9.9,15.0,82.9,64.0,0.16,999.9,0,593
3,2015,06,17,2015-06-17,73.3,58.7,1017.6,9.5,3.4,8.0,999.9,82.0,64.9,0.27,999.9,0,706
4,2015,06,18,2015-06-18,66.8,58.2,1018.3,9.8,3.3,7.0,999.9,71.1,64.0,0.0,999.9,0,615
5,2015,06,19,2015-06-19,74.6,62.5,1013.0,9.5,2.6,7.0,999.9,87.1,64.0,0.0,999.9,0,732
6,2015,06,20,2015-06-20,70.1,57.4,1017.0,8.2,4.9,12.0,19.0,81.0,64.0,0.0,999.9,0,505
7,2015,06,21,2015-06-21,76.3,67.8,1008.2,6.1,4.3,8.9,18.1,88.0,64.0,0.35,999.9,0,620
1,2015,06,22,2015-06-22,78.3,62.1,1012.9,9.8,4.5,12.0,25.1,87.1,70.0,0.29,999.9,0,774
2,2015,06,23,2015-06-23,82.1,66.8,1011.5,8.9,4.7,8.0,22.0,90.0,70.0,0.0,999.9,0,703
3,2015,06,24,2015-06-24,76.7,57.5,1013.9,10.0,4.5,8.0,15.0,90.0,68.0,0.02,999.9,0,778
4,2015,06,25,2015-06-25,75.0,50.4,1016.7,10.0,2.7,7.0,999.9,84.0,64.9,0.0,999.9,0,670
5,2015,06,26,2015-06-26,74.4,57.6,1014.6,10.0,3.9,11.1,18.1,82.9,64.9,0.0,999.9,0,774
6,2015,06,27,2015-06-27,67.7,56.0,1018.7,8.8,4.4,12.0,19.0,81.0,60.1,0.0,999.9,0,595
7,2015,06,28,2015-06-28,64.3,60.0,1006.2,5.5,5.8,13.0,21.0,73.0,57.9,1.42,999.9,0,535
1,2015,06,29,2015-06-29,70.3,55.2,1010.6,10.0,4.6,8.9,15.9,75.9,62.1,0.29,999.9,0,662
2,2015,06,30,2015-06-30,74.5,58.0,1013.8,10.0,3.7,8.0,22.0,82.0,63.0,0.0,999.9,0,622
3,2015,07,01,2015-07-01,75.0,65.1,1008.7,6.8,4.3,8.9,27.0,82.0,68.0,0.43,999.9,1,683
4,2015,07,02,2015-07-02,74.7,57.9,1011.7,9.6,1.3,6.0,999.9,82.0,69.1,0.39,999.9,0,603
5,2015,07,03,2015-07-03,73.5,54.4,1013.8,9.9,2.4,6.0,999.9,81.0,66.0,0.0,999.9,0,549
6,2015,07,04,2015-07-04,72.0,57.9,1014.4,9.9,3.0,7.0,999.9,82.0,66.0,0.0,999.9,0,389
7,2015,07,05,2015-07-05,74.6,58.9,1018.4,9.2,1.3,5.1,999.9,82.9,68.0,0.0,999.9,0,467
1,2015,07,06,2015-07-06,76.8,64.9,1020.6,8.7,2.1,7.0,999.9,82.9,68.0,0.0,999.9,0,598
2,2015,07,07,2015-07-07,78.7,69.7,1016.4,8.4,3.6,8.0,999.9,88.0,72.0,0.0,999.9,1,646
3,2015,07,08,2015-07-08,80.5,69.2,1013.8,7.5,3.6,11.1,18.1,88.0,75.0,0.12,999.9,0,620
4,2015,07,09,2015-07-09,74.7,64.2,1014.4,7.6,3.6,8.9,999.9,88.0,68.0,0.0,999.9,0,567
5,2015,07,10,2015-07-10,76.1,62.7,1013.3,8.0,4.4,8.9,15.0,84.0,68.0,0.3,999.9,0,709
6,2015,07,11,2015-07-11,78.7,55.6,1017.4,9.9,1.9,5.1,999.9,88.0,69.1,0.0,999.9,0,597
7,2015,07,12,2015-07-12,79.9,59.1,1016.6,9.9,1.7,5.1,999.9,89.1,69.1,0.0,999.9,0,521
1,2015,07,13,2015-07-13,79.5,60.6,1012.6,9.5,2.3,7.0,999.9,89.1,72.0,0.0,999.9,0,668
2,2015,07,14,2015-07-14,75.3,64.9,1006.3,9.1,2.1,6.0,999.9,88.0,73.0,0.0,999.9,1,657
3,2015,07,15,2015-07-15,77.0,70.0,1004.1,6.3,2.8,8.0,999.9,82.0,73.0,0.42,999.9,1,611
4,2015,07,16,2015-07-16,72.8,49.1,1015.1,10.0,5.9,12.0,17.1,81.0,64.0,0.12,999.9,0,686
5,2015,07,17,2015-07-17,72.5,57.8,1018.5,10.0,3.1,7.0,15.9,81.0,64.0,0.0,999.9,0,659
6,2015,07,18,2015-07-18,76.2,66.1,1014.9,8.8,3.6,8.0,15.0,84.9,66.9,0.0,999.9,1,561
7,2015,07,19,2015-07-19,84.9,70.2,1010.2,9.7,2.8,6.0,999.9,93.0,71.1,0.32,999.9,0,545
1,2015,07,20,2015-07-20,88.0,68.8,1006.0,9.2,4.1,8.9,17.1,93.9,78.1,0.0,999.9,0,727
2,2015,07,21,2015-07-21,83.7,64.7,1003.7,9.6,2.5,6.0,999.9,93.9,79.0,0.0,999.9,0,606
3,2015,07,22,2015-07-22,77.3,53.4,1006.7,10.0,4.5,11.1,20.0,89.1,69.1,0.0,999.9,0,618
4,2015,07,23,2015-07-23,76.7,49.0,1012.3,10.0,4.1,7.0,14.0,86.0,68.0,0.0,999.9,0,623
5,2015,07,24,2015-07-24,77.8,49.0,1013.3,10.0,2.1,7.0,999.9,87.1,68.0,0.0,999.9,0,490
6,2015,07,25,2015-07-25,78.2,54.5,1014.8,10.0,2.5,5.1,999.9,88.0,69.1,0.0,999.9,0,451
7,2015,07,26,2015-07-26,79.8,61.4,1014.8,10.0,3.6,7.0,20.0,90.0,69.1,0.0,999.9,0,551
1,2015,07,27,2015-07-27,78.5,65.3,1015.7,9.0,2.8,6.0,15.0,90.0,71.1,0.36,999.9,0,626
2,2015,07,28,2015-07-28,82.7,65.1,1015.3,9.4,2.2,5.1,999.9,95.0,71.1,0.0,999.9,0,643
3,2015,07,29,2015-07-29,85.4,65.7,1014.4,9.4,2.7,7.0,999.9,96.1,75.0,0.0,999.9,0,629
4,2015,07,30,2015-07-30,80.5,71.9,1012.3,6.9,4.6,8.9,19.0,86.0,75.2,0.0,999.9,1,717
5,2015,07,31,2015-07-31,80.5,61.4,1010.5,8.6,3.3,6.0,15.0,89.1,72.0,1.95,999.9,0,753
6,2015,08,01,2015-08-01,81.6,57.2,1009.0,10.0,3.8,9.9,17.1,89.1,72.0,0.0,999.9,0,668
7,2015,08,02,2015-08-02,79.9,55.9,1011.8,10.0,2.0,5.1,999.9,89.1,71.1,0.0,999.9,0,550
1,2015,08,03,2015-08-03,81.3,60.0,1010.0,10.0,3.7,8.0,15.9,89.1,71.1,0.0,999.9,0,705
2,2015,08,04,2015-08-04,80.7,61.2,1010.2,9.6,4.6,15.0,32.1,90.0,69.1,0.43,999.9,1,666
3,2015,08,05,2015-08-05,79.3,55.3,1012.2,10.0,2.6,7.0,14.0,89.1,69.1,0.0,999.9,0,619
4,2015,08,06,2015-08-06,75.6,52.2,1014.1,10.0,2.7,5.1,999.9,87.1,66.9,0.0,999.9,0,630
5,2015,08,07,2015-08-07,76.4,53.9,1012.7,10.0,4.3,8.0,999.9,84.0,66.9,0.0,999.9,0,726
6,2015,08,08,2015-08-08,74.7,55.3,1014.3,10.0,3.4,8.0,999.9,84.0,68.0,0.0,999.9,0,545
7,2015,08,09,2015-08-09,75.0,57.0,1015.6,10.0,2.9,7.0,999.9,84.9,68.0,0.0,999.9,0,489
1,2015,08,10,2015-08-10,74.9,60.0,1017.0,10.0,3.6,8.0,15.0,84.9,68.0,0.0,999.9,0,611
2,2015,08,11,2015-08-11,74.9,66.5,1010.2,7.8,3.9,7.0,999.9,84.0,70.0,0.59,999.9,0,601
3,2015,08,12,2015-08-12,77.0,59.7,1009.8,10.0,3.8,8.0,15.0,84.9,71.1,0.58,999.9,0,643
4,2015,08,13,2015-08-13,75.4,53.9,1015.8,10.0,3.3,6.0,999.9,84.9,66.9,0.0,999.9,0,714
5,2015,08,14,2015-08-14,77.1,53.2,1020.1,10.0,2.2,7.0,999.9,88.0,66.9,0.0,999.9,0,729
6,2015,08,15,2015-08-15,80.7,60.6,1019.2,10.0,3.3,6.0,999.9,91.9,66.9,0.0,999.9,0,582
7,2015,08,16,2015-08-16,82.8,63.9,1019.0,10.0,1.2,5.1,999.9,93.0,75.9,0.0,999.9,0,552
1,2015,08,17,2015-08-17,84.4,64.9,1017.9,9.5,2.5,7.0,999.9,95.0,75.9,0.0,999.9,0,592
2,2015,08,18,2015-08-18,81.8,67.0,1016.4,8.7,3.6,7.0,999.9,95.0,73.0,0.29,999.9,0,623
3,2015,08,19,2015-08-19,80.0,70.1,1016.7,10.0,4.0,8.0,17.1,90.0,73.0,0.0,999.9,0,594
4,2015,08,20,2015-08-20,80.5,70.1,1015.8,10.0,4.2,8.0,22.0,87.1,77.0,0.0,999.9,0,600
5,2015,08,21,2015-08-21,78.7,65.0,1015.6,9.1,4.0,8.0,14.0,87.1,71.1,0.33,999.9,0,753
6,2015,08,22,2015-08-22,76.9,53.1,1018.3,9.2,3.7,7.0,999.9,87.1,69.1,0.32,999.9,0,581
7,2015,08,23,2015-08-23,76.0,60.3,1015.8,10.0,3.6,8.0,999.9,86.0,69.1,0.0,999.9,0,492
1,2015,08,24,2015-08-24,78.2,64.3,1012.3,9.9,2.1,6.0,999.9,87.1,70.0,0.0,999.9,0,575
2,2015,08,25,2015-08-25,80.9,64.3,1010.5,9.7,3.0,7.0,999.9,89.1,73.0,0.0,999.9,0,595
3,2015,08,26,2015-08-26,76.0,51.4,1013.6,10.0,3.7,8.0,999.9,90.0,66.9,0.0,999.9,0,606
4,2015,08,27,2015-08-27,73.8,52.5,1017.0,10.0,2.6,6.0,999.9,84.9,66.9,0.0,999.9,0,614
5,2015,08,28,2015-08-28,72.7,51.5,1020.7,10.0,2.5,6.0,999.9,82.0,63.0,0.0,999.9,0,609
6,2015,08,29,2015-08-29,75.7,53.9,1021.7,10.0,1.2,5.1,999.9,87.1,63.0,0.0,999.9,0,539
7,2015,08,30,2015-08-30,79.1,61.9,1018.4,10.0,3.3,6.0,18.1,90.0,66.9,0.0,999.9,0,563
1,2015,08,31,2015-08-31,81.7,66.0,1016.1,8.5,3.8,8.0,17.1,91.0,72.0,0.13,999.9,0,614
2,2015,09,01,2015-09-01,82.0,64.0,1016.4,8.5,2.6,7.0,999.9,91.0,75.9,0.0,999.9,0,626
3,2015,09,02,2015-09-02,81.1,64.3,1015.7,7.5,1.8,7.0,999.9,91.0,73.9,0.0,999.9,0,654
4,2015,09,03,2015-09-03,82.6,64.2,1011.3,6.8,1.8,6.0,999.9,93.0,73.9,0.0,999.9,0,665
5,2015,09,04,2015-09-04,80.6,65.2,1015.8,7.3,5.0,12.0,19.0,93.0,73.9,0.0,999.9,0,643
6,2015,09,05,2015-09-05,74.0,57.1,1023.7,10.0,4.4,8.9,999.9,84.9,66.9,0.0,999.9,0,541
7,2015,09,06,2015-09-06,74.1,55.8,1022.8,10.0,1.0,4.1,999.9,87.1,64.9,0.0,999.9,0,504
1,2015,09,07,2015-09-07,78.4,60.5,1018.9,10.0,3.4,7.0,999.9,91.9,64.9,0.0,999.9,0,485
2,2015,09,08,2015-09-08,84.2,64.2,1015.7,9.8,3.8,8.0,15.0,97.0,70.0,0.0,999.9,0,795
3,2015,09,09,2015-09-09,82.0,68.8,1012.8,10.0,4.0,8.9,22.0,97.0,75.9,0.0,999.9,0,740
4,2015,09,10,2015-09-10,75.2,69.8,1009.8,6.2,4.7,8.9,999.9,90.0,71.1,1.13,999.9,1,716
5,2015,09,11,2015-09-11,72.3,63.1,1007.6,8.4,5.6,8.9,15.9,81.0,66.0,0.45,999.9,0,765
6,2015,09,12,2015-09-12,74.0,63.4,1008.7,10.0,2.3,8.0,17.1,81.0,66.0,0.0,999.9,0,554
7,2015,09,13,2015-09-13,72.0,62.5,1005.9,8.6,5.2,9.9,22.0,80.1,66.9,0.29,999.9,0,478
1,2015,09,14,2015-09-14,66.4,46.7,1014.9,10.0,6.3,11.1,20.0,80.1,59.0,0.04,999.9,0,579
2,2015,09,15,2015-09-15,72.0,48.2,1024.5,10.0,2.1,5.1,999.9,82.9,63.0,0.0,999.9,0,579
3,2015,09,16,2015-09-16,75.8,53.6,1025.7,10.0,1.5,4.1,999.9,88.0,62.1,0.0,999.9,0,748
4,2015,09,17,2015-09-17,77.0,55.4,1021.3,10.0,1.3,5.1,999.9,89.1,66.0,0.0,999.9,0,744
5,2015,09,18,2015-09-18,76.3,54.7,1016.9,9.8,2.4,7.0,999.9,89.1,68.0,0.0,999.9,0,760
6,2015,09,19,2015-09-19,74.7,61.8,1014.4,9.3,1.8,5.1,999.9,87.1,68.0,0.0,999.9,0,655
7,2015,09,20,2015-09-20,73.9,57.0,1014.3,10.0,6.3,8.9,17.1,82.9,68.0,0.0,999.9,0,556
1,2015,09,21,2015-09-21,65.8,42.9,1021.6,10.0,7.4,11.1,19.0,79.0,59.0,0.0,999.9,0,624
2,2015,09,22,2015-09-22,66.8,47.6,1024.2,10.0,6.4,9.9,15.0,73.0,59.0,0.0,999.9,0,571
3,2015,09,23,2015-09-23,68.4,47.9,1023.9,10.0,3.3,5.1,999.9,80.1,59.0,0.0,999.9,0,501
4,2015,09,24,2015-09-24,69.7,51.9,1024.8,10.0,3.0,8.0,14.0,82.0,59.0,0.0,999.9,0,619
5,2015,09,25,2015-09-25,69.0,52.3,1027.6,10.0,5.5,8.9,15.9,82.0,60.1,0.0,999.9,0,585
6,2015,09,26,2015-09-26,66.5,49.1,1029.6,10.0,5.2,8.9,17.1,75.9,62.1,0.0,999.9,0,557
7,2015,09,27,2015-09-27,63.5,50.0,1030.5,10.0,4.8,7.0,999.9,72.0,55.9,0.0,999.9,0,493